"conversation_id_str","created_at","favorite_count","full_text","id_str","image_url","in_reply_to_screen_name","lang","location","quote_count","reply_count","retweet_count","tweet_url","user_id_str","username"
"1841151543443407126","Tue Oct 01 16:21:49 +0000 2024","0","@mandiricare min untuk promo HUT Mandiri 26% di Livin Sukha (Livin by Mandiri) mulai jam berapa kah? Apakah mulai pukul 00:01?","1841151543443407126","","mandiricare","in","Bekasi","0","6","0","https://x.com/inderg_one/status/1841151543443407126","1661593872957599745","inderg_one"
"1841150045829415181","Tue Oct 01 16:15:52 +0000 2024","18","Gw paham sih Livin Mandiri ini pake konsep SuperApp. Cuma ya punten nih kelewat ribet cok. Tolonglah manajemen dengarkan masukkan dari investor kalian satu ini walopun sahamnya ga seberapa sih.","1841150045829415181","","","in","Jakarta Selatan, DKI Jakarta","0","3","2","https://x.com/brive__/status/1841150045829415181","1737518412094672896","brive__"
"1841149158692176180","Tue Oct 01 16:12:20 +0000 2024","0","ini livin mandiri kenapa jadi rame bgt tampilannya bikin pusing deh mending yg sebelum ini tampilannya.","1841149158692176180","","","in","","0","0","0","https://x.com/sundaeymorning/status/1841149158692176180","1546135717856055297","sundaeymorning"
"1841146494470254647","Tue Oct 01 16:01:45 +0000 2024","3","Livin mandiri eror mulu dah","1841146494470254647","","","in","","0","1","0","https://x.com/paiiseez/status/1841146494470254647","1607006006609072128","paiiseez"
"1841144405107097830","Tue Oct 01 15:53:27 +0000 2024","0","nyobain livin mandiri buat uang kerjaan disana. tapi lemot banget aplikasinya mana designnya jele","1841144405107097830","","","in","","0","2","0","https://x.com/goofygeeky/status/1841144405107097830","126881628","goofygeeky"
"1841143338600448447","Tue Oct 01 15:49:13 +0000 2024","1","livin mandiri skrg tampilannya KNP BIKIN PUSING","1841143338600448447","","","in","","0","0","0","https://x.com/tehmaniskrimer/status/1841143338600448447","1801588324622327808","tehmaniskrimer"
"1841141333492396336","Tue Oct 01 15:41:15 +0000 2024","1","UI UX nya livin mandiri tolong yee dibalikin kyk awal aja. Sumpil jelekk bgt skrg demi apapun bikin ribett @bankmandiri","1841141333492396336","","","in","Seoul, Republic of Korea","0","1","0","https://x.com/shwaayeonnnn/status/1841141333492396336","1130918207722741760","shwaayeonnnn"
"1841140062467350921","Tue Oct 01 15:36:12 +0000 2024","0","Mandiri livin' jadi berisik ya tampilannya jadi kayak toko online. Jadi bingung ini mau transaksi atau mau nonton live shopee","1841140062467350921","","","in","","0","0","0","https://x.com/primprdnn/status/1841140062467350921","91498733","primprdnn"
"1841138731056566550","Tue Oct 01 15:30:54 +0000 2024","0","livin mandiri jelek bgt anjir emosi","1841138731056566550","","","in","jog/mks","0","0","0","https://x.com/litberalism/status/1841138731056566550","1051457492180320261","litberalism"
"1841138000388112742","Tue Oct 01 15:28:00 +0000 2024","0","Mau transfer penting eh @LivinMandiri error. Solusinya gimana @bankmandiri? #LivinMandiriError @mandiricare","1841138000388112742","","","in","Indonesia","0","1","0","https://x.com/Povika2/status/1841138000388112742","1810940092858650625","Povika2"
"1841137947464384908","Tue Oct 01 15:27:48 +0000 2024","0","Setuju banget! @LivinMandiri selalu error di jam yang sama. Tolong diperbaiki ya @mandiricare! #LivinMandiriError","1841137947464384908","","","in","Indramayu, Indonesia","0","0","0","https://x.com/gihajidika/status/1841137947464384908","1802588600619646976","gihajidika"
"1841137868238176577","Tue Oct 01 15:27:29 +0000 2024","0","Lagi-lagi @LivinMandiri error jam segini. Udah sering banget! Gimana nih @mandiricare ? #LivinMandiriError","1841137868238176577","","","in","Indonesia ","0","1","0","https://x.com/kijaliavk/status/1841137868238176577","1787321616000806912","kijaliavk"
"1841086848527188352","Tue Oct 01 15:26:47 +0000 2024","0","@Telkomsel gopay livin mandiri dana. semuanya ga bisa","1841137693629301167","","Telkomsel","in","","0","1","0","https://x.com/cheechaese/status/1841137693629301167","943105567509299201","cheechaese"
"1841137192737071540","Tue Oct 01 15:24:48 +0000 2024","0","Livin by Mandiri nih aplikasi sok-sok keren tapi cek mutasi wae hese. Geus alus nu kamari https://t.co/Gdc6BMHK3k","1841137192737071540","https://pbs.twimg.com/media/GY0IhFFbQAAathU.jpg","","in","Bandung Raya","0","0","0","https://x.com/DarlaOct/status/1841137192737071540","192889700","DarlaOct"
"1841137040391619018","Tue Oct 01 15:24:11 +0000 2024","0","mandiri at least undang ak sih buat nonton trejo nanti soalnya ak luv abies sm livin ","1841137040391619018","","","in","","0","0","0","https://x.com/strwberl/status/1841137040391619018","1344535161568837632","strwberl"
"1841135063263822069","Tue Oct 01 15:16:20 +0000 2024","0","ALLAHU AKBAR LIVIN MANDIRI UPDATE UI JELEK BGT WHAT THE FUCK","1841135063263822069","","","in","","0","1","0","https://x.com/GODISYOIMIYA/status/1841135063263822069","1345399423967268864","GODISYOIMIYA"
"1841134349116457330","Tue Oct 01 15:13:30 +0000 2024","0","Orang orang pada ngeluh sama Livin Mandiri gue sih malah respect bgt. Ini baru kualitas Bank BUMN yang perlu dicontoh walaupun ngurus KPR Rumah Subsidinya super lelet dan jelek. ","1841134349116457330","","","in","Jakarta Capital Region, Indone","0","0","0","https://x.com/Rizkihadi/status/1841134349116457330","139315638","Rizkihadi"
"1841133970500829345","Tue Oct 01 15:11:59 +0000 2024","0","Aplikasi Livin' sering mengalami error belakangan ini. Semoga Mandiri cepat menanganinya agar pengguna bisa lebih nyaman #LivinMandiriError","1841133970500829345","","","in","","0","0","0","https://x.com/JemmaPerso3484/status/1841133970500829345","1697912983081373696","JemmaPerso3484"
"1841133711930335488","Tue Oct 01 15:10:58 +0000 2024","0","livin mandiri update yg baru nya kurenggg anjir cakepan yg lama","1841133711930335488","","","in","","0","1","0","https://x.com/hepipelyeay/status/1841133711930335488","1112273812937039872","hepipelyeay"
"1841121932647031247","Tue Oct 01 14:24:09 +0000 2024","0","@mandiricare mau tanya promo hut mandiri livin sukha di indomaret tanggal 2 oktober 2024 mulai pukul 00.00 ya? https://t.co/BybymirQQ1","1841121932647031247","","mandiricare","in","Bojong Kenyot","0","3","0","https://x.com/dewi_tutiana/status/1841121932647031247","894119829237506048","dewi_tutiana"
"1841121859666133329","Tue Oct 01 14:23:52 +0000 2024","0","ini ada yg tau ga kenapa ya mau login gabisa trs hiks #Livin #livinmandirierror #livinmandiri","1841121859666133329","","","in","","0","0","0","https://x.com/Ainun2343420391/status/1841121859666133329","1761946562413125632","Ainun2343420391"
"1841121657962074588","Tue Oct 01 14:23:04 +0000 2024","0","ini ada yg tau ga kenapa ya mau login gabisa trs hiks #Livin #livinmandirierror #livinmandiri","1841121657962074588","","","in","","0","0","0","https://x.com/sasayana140169/status/1841121657962074588","1742886835414872064","sasayana140169"
"1841121418475684150","Tue Oct 01 14:22:07 +0000 2024","0","Bank Mandiri bekerja sama dengan KAI memperkuat ekosistem digital dengan menghadirkan fitur pembayaran mudah lewat Livin by Mandiri. https://t.co/IRkeFSHDu6","1841121418475684150","","","in","Jakarta","0","0","0","https://x.com/kompascom/status/1841121418475684150","23343960","kompascom"
"1841121168956539054","Tue Oct 01 14:21:07 +0000 2024","0","Setuju banget! Livin Mandiri error lagi jam segini. Gimana solusinya @bankmandiri? #LivinMandiriError @mandiricare","1841121168956539054","","","in","Indonesia","0","0","0","https://x.com/zzariatenn/status/1841121168956539054","1723042177373310977","zzariatenn"
"1841121034738799103","Tue Oct 01 14:20:35 +0000 2024","0","Livin' Mandiri tiap jam segini error terus. Ada alternatif lain nggak @bankmandiri? #LivinMandiriError @mandiricare","1841121034738799103","","","in","Indonesia","0","0","0","https://x.com/ririnobb/status/1841121034738799103","1723044396680216576","ririnobb"
"1841114595005477305","Tue Oct 01 13:55:00 +0000 2024","0","Ini beneran livin mandiri gak ada solusi masa tiap jam segini eror terus #LivinMandiriError","1841114595005477305","","","in","Palembang, South Sumatra","0","0","0","https://x.com/RereRerecantik/status/1841114595005477305","1656224665717837824","RereRerecantik"
"1841114594909057086","Tue Oct 01 13:55:00 +0000 2024","0","Mandiri apa gak diperbaiki ya livin nya masa tiap jam segini eror melulu sih #LivinMandiriError","1841114594909057086","","","in","South Sumatra, Indonesia","0","0","0","https://x.com/Boradebora71/status/1841114594909057086","1824337327554170881","Boradebora71"
"1841114594896695569","Tue Oct 01 13:55:00 +0000 2024","0","Ada yang sama gak sih LIVIN MANDIRI sering banget eror jam segini susah banget mau transaksi #LivinMandiriError","1841114594896695569","","","in","Sukarami, Indonesia","0","0","0","https://x.com/Devimardianti5/status/1841114594896695569","1574309668981477376","Devimardianti5"
"1841114594854457411","Tue Oct 01 13:55:00 +0000 2024","0","Kenapa ya akhir akhir ini Livin Mandiri error terus #LivinMandiriError","1841114594854457411","","","in","","0","0","0","https://x.com/jwaabah/status/1841114594854457411","839985891284209664","jwaabah"
"1833475966330671119","Tue Oct 01 13:53:42 +0000 2024","0","@livinpoin @gomwooks Kenapa livin by mandiri saya tdk dapat melakukan top up??","1841114267199947164","","livinpoin","in","","0","1","0","https://x.com/RobhyAr/status/1841114267199947164","1655631300458598405","RobhyAr"
"1841113439311184036","Tue Oct 01 13:50:24 +0000 2024","1","Livin mandiri kenapa jadi jelek gini rame amat woi bikin sakit mata https://t.co/OqyROUVKL8","1841113439311184036","https://pbs.twimg.com/media/GYzy35DagAAfYHN.jpg","","in","","0","0","0","https://x.com/queenwinxnava/status/1841113439311184036","1750301922207338496","queenwinxnava"
"1841113333933699374","Tue Oct 01 13:49:59 +0000 2024","0","Livin mandiri gue tiba tiba ada refrensi no rek orang asing setelah update tampilan baru gimana cara ilanginnya oi","1841113333933699374","","","in","Yogyakarta, Indonesia","0","0","0","https://x.com/oktoberrduit/status/1841113333933699374","1643137983967789056","oktoberrduit"
"1841112875961581872","Tue Oct 01 13:48:10 +0000 2024","0","Banyak yang hujat Livin Mandiri yang baru. W kok malah suka yaa... Ikonnya flat baguss ","1841112875961581872","","","in","WORLD","0","0","0","https://x.com/shohibulfiqri/status/1841112875961581872","392580428","shohibulfiqri"
"1841112544322469963","Tue Oct 01 13:46:51 +0000 2024","0","@bankmandiri sudah dari pagi livin mandiri app di android ku ga bisa akses masuk.. mau sampai kapan neh","1841112544322469963","","bankmandiri","in","Nusantara","0","3","0","https://x.com/stepnid/status/1841112544322469963","1519337824549769216","stepnid"
"1841112522814079353","Tue Oct 01 13:46:46 +0000 2024","0","yuk bisa yuk semangatt nabungnya di Livin by Mandiri ️ https://t.co/f03yNNijKZ","1841112522814079353","https://pbs.twimg.com/media/GYzyFN-bQAImB2i.jpg","","in","Central Java, Indonesia","0","0","0","https://x.com/_guling_/status/1841112522814079353","927116598116155393","_guling_"
"1840953299123782054","Tue Oct 01 13:40:47 +0000 2024","0","@aharisth @akbarfaizal68 ANGKOT88 berharap dengan bimbingan Allah kita bisa melewati proses ini dengan bijak dan bertanggung jawab. #LivinMandiri","1841111019164156316","","aharisth","in","","0","0","0","https://x.com/Nguyen1994Thai/status/1841111019164156316","1838079406771953664","Nguyen1994Thai"
"1841110848405717494","Tue Oct 01 13:40:07 +0000 2024","0","Livin mandiri lagi trouble kah? Ga bisa kebuka...","1841110848405717494","","","in","","0","0","0","https://x.com/rainb0wniess/status/1841110848405717494","1346006738126868480","rainb0wniess"
"1841109981262905522","Tue Oct 01 13:36:40 +0000 2024","0","@bankmandiri IMHO aplikasi Livin by Mandiri setelah update kok malah jelek ya UI nya","1841109981262905522","","bankmandiri","in","Jakarta Capital Region","0","1","0","https://x.com/mfchmyadln/status/1841109981262905522","1088004020701081600","mfchmyadln"
"1841109422271045647","Tue Oct 01 13:34:27 +0000 2024","0","sumpah livin mandiri aneh bgttttt tampilannya woi knp gni ","1841109422271045647","","","in","dimana mana aku senang","0","2","0","https://x.com/heheyagitu/status/1841109422271045647","1097517582016376838","heheyagitu"
"1841109246869717104","Tue Oct 01 13:33:45 +0000 2024","1","Livin Mandiri yang update terbaru makin kayak My Telkomsel nih diliat-liat. Mana ada games juga sama challenges https://t.co/g9kxfZvnX2","1841109246869717104","https://pbs.twimg.com/media/GYzvGNqbQAIdk1O.jpg","","in","Jakarta Selatan, DKI Jakarta","0","4","0","https://x.com/Wisnustr/status/1841109246869717104","1047767781188362241","Wisnustr"
"1841108856405201096","Tue Oct 01 13:32:12 +0000 2024","0","Sumpah livin mandiri jelek bnget dah gue malah lebi suka yg kmaren tampilannya modern simple classsy ini sumpah malah jadi kayak shopee terlalu rame balikin lagi sih tampilan lama padahal yg lama udh paking keren","1841108856405201096","","","in","","0","0","0","https://x.com/yourineshi/status/1841108856405201096","1396042190359388161","yourineshi"
"1841098138033242499","Tue Oct 01 12:49:36 +0000 2024","0","ADUH KENAPA SIH LIVIN BY MANDIRI GUE TIMPUK LU","1841098138033242499","","","in","","0","0","0","https://x.com/woozimol/status/1841098138033242499","1389145884001067008","woozimol"
"1841097450159030518","Tue Oct 01 12:46:52 +0000 2024","0","pantesa mandiri error ada update toh. hih mana bagusan livin yang lama daripada yang sekarang","1841097450159030518","","","in","","0","2","1","https://x.com/xxdill_/status/1841097450159030518","2957453331","xxdill_"
"1841096778852286546","Tue Oct 01 12:44:12 +0000 2024","0","Pengguna livin mandiri ikut join boleh gak sih?","1841096778852286546","","","in","","0","0","0","https://x.com/___umaru/status/1841096778852286546","1191359092213682176","___umaru"
"1841095871674695786","Tue Oct 01 12:40:36 +0000 2024","0","Livin mandiri udah kayak shopee cok","1841095871674695786","","","in","","0","0","0","https://x.com/I_refooo/status/1841095871674695786","918973399","I_refooo"
"1841095871062323649","Tue Oct 01 12:40:36 +0000 2024","0","enih livin mandiri knp berubaaaaah aaarg padahal lebih suka yg lama","1841095871062323649","","","in","","0","0","0","https://x.com/byunblee/status/1841095871062323649","1282622240354263041","byunblee"
"1841095835280687607","Tue Oct 01 12:40:27 +0000 2024","5","Livin Mandiri bikin pala gua puyeng deh jadi rame banget tampilan dan isinya ","1841095835280687607","","","in","Jakarta Capital Region","0","1","0","https://x.com/Fvcknd0pe/status/1841095835280687607","1636371905765871617","Fvcknd0pe"
"1841094493338288641","Tue Oct 01 12:35:07 +0000 2024","0","ternyata livin mandiri emang lagi eror ‍↔️","1841094493338288641","","","in","","0","1","0","https://x.com/mingyumineee/status/1841094493338288641","1146973169875476480","mingyumineee"
"1841093478572572933","Tue Oct 01 12:31:05 +0000 2024","1","Mandiri livin lagi kenapa siiii tadi gabisa log in sekalinya bisa transfer ke bank lain ternyata ga keterimaaaaa untung masih rekening sendiriii @livinpoin @mandiricare","1841093478572572933","","","in","Depok - rumah","1","5","1","https://x.com/isyemeilany_/status/1841093478572572933","260220551","isyemeilany_"
"1841092778622927342","Tue Oct 01 12:28:18 +0000 2024","0","livin mandiri","1841092778622927342","","","in","","0","0","0","https://x.com/May_Menang1000S/status/1841092778622927342","1748602037447839744","May_Menang1000S"
"1841090140774809809","Tue Oct 01 12:17:50 +0000 2024","1","Livin mandiri. Kata gw mah mending balik ke design lama dah.. tampilan yg sekarang kek Olshop jelek banget beneran.. trus LEMOT bjirrr kebanyakan gambar warna warni gitu pula.. Kasian nasabah yg udah berumur pusing liatnya","1841090140774809809","","","in","","0","0","0","https://x.com/UghKeynara/status/1841090140774809809","950314608643907584","UghKeynara"
"1841089066218991694","Tue Oct 01 12:13:33 +0000 2024","0","pantes livin mandiri sering eror ternyata ada update baru dan bapuk","1841089066218991694","","","in","ctym","0","0","0","https://x.com/dausdekers/status/1841089066218991694","1131237458312482816","dausdekers"
"1841088785368695089","Tue Oct 01 12:12:26 +0000 2024","1","Ui baru livin mandiri elek tenan bikin bingung orang tua aja","1841088785368695089","","","in","Singapore","0","0","0","https://x.com/amrinovan/status/1841088785368695089","58746312","amrinovan"
"1841088682297868462","Tue Oct 01 12:12:02 +0000 2024","0","ui livin mandiri jelek banget sekarang","1841088682297868462","","","in","MDNI, Any pronouns","0","2","0","https://x.com/visamane/status/1841088682297868462","1754818026036207616","visamane"
"1841085799804101113","Tue Oct 01 12:00:35 +0000 2024","0","LAMA LAMA LIVIN MANDIRI RAME BANGET KEK ONLINE SHOP BALIK GA LU KAYAK DULU LAGI ","1841085799804101113","","","in","","0","0","0","https://x.com/serendimitti/status/1841085799804101113","1811914328515497984","serendimitti"
"1839442205523738728","Tue Oct 01 12:00:29 +0000 2024","0","@bankmandiri Kenapa livin by mandiri tidak bisa masuk bosku ?","1841085774512685405","","bankmandiri","in","Balikpapan, Kalimantan Timur","0","5","0","https://x.com/stevenmadonk/status/1841085774512685405","156838241","stevenmadonk"
"1841085751049797819","Tue Oct 01 12:00:23 +0000 2024","1","Livin mandiri error ya ?","1841085751049797819","","","in","","0","2","0","https://x.com/claraaagustiine/status/1841085751049797819","1824113448235753472","claraaagustiine"
"1841085050227720625","Tue Oct 01 11:57:36 +0000 2024","1","kata gw balikin livin mandiri yang dulu ini yg baru sama sekali TIDAK USER FRIENDLY ALIAS BIKIN SAKIT MATA","1841085050227720625","","","in","","0","0","0","https://x.com/serendimitti/status/1841085050227720625","1811914328515497984","serendimitti"
"1841084975254552888","Tue Oct 01 11:57:18 +0000 2024","0","semoga livin mandiri gue ga auto update tampilan yg skrg jelek katanya","1841084975254552888","","","in","","0","0","0","https://x.com/latteblixs/status/1841084975254552888","1725532728605716480","latteblixs"
"1841084570848149819","Tue Oct 01 11:55:42 +0000 2024","0","Livin mandiri gmn si dh brjam2 kaga bisa transaksii","1841084570848149819","","","in","New York, USA","0","0","0","https://x.com/kofilovey/status/1841084570848149819","1402532018366291971","kofilovey"
"1841083307284639779","Tue Oct 01 11:50:40 +0000 2024","1","Ultah telkom aja dijual di app my telkomsel...yakali mandiri ga dijual di livin Maap ya ges aku cuma berharapp https://t.co/BSJlxnzyYZ","1841083307284639779","https://pbs.twimg.com/media/GYzXgspbQAIZx8u.jpg","","in","Jakarta","1","0","0","https://x.com/AdilaLega/status/1841083307284639779","1067060187020779521","AdilaLega"
"1841062819997106179","Tue Oct 01 10:29:16 +0000 2024","0","Mandiri ga mau invite pengguna mandiri kah? Mau liat pacar aku jaejaeee Saya pengguna mandiri yang sangat suka dengan livin mandiri soalnya aplikasinya terang dan very demureee Ang ang ang @bankmandiri","1841062819997106179","","","in","","0","3","0","https://x.com/hlseatle/status/1841062819997106179","1144598789296029696","hlseatle"
"1841060456523509797","Tue Oct 01 10:19:52 +0000 2024","1","WOI JELEK BGT TAMPILN LIVIN MANDIRI JD PUSING","1841060456523509797","","","in","","0","0","0","https://x.com/xiiaoalatus/status/1841060456523509797","1271318322504585216","xiiaoalatus"
"1841058429089316965","Tue Oct 01 10:11:49 +0000 2024","0","Update tampilan livin mandiri bikin pusing. Lebih intuitive yang lama","1841058429089316965","","","in","Di Buckingham Palace","0","0","0","https://x.com/ariyaxk/status/1841058429089316965","1748337252156178432","ariyaxk"
"1841058101694263731","Tue Oct 01 10:10:31 +0000 2024","0","Livin mandiri skrg jelek bgt anjir ","1841058101694263731","","","in","","0","0","1","https://x.com/inshotnito/status/1841058101694263731","940189832772337669","inshotnito"
"1841056759936663561","Tue Oct 01 10:05:11 +0000 2024","0","Ngga suka sama tampilan livin' mandiri yang baru","1841056759936663561","","","in","","0","0","0","https://x.com/angrygalll/status/1841056759936663561","1171982330140880896","angrygalll"
"1841056343593271316","Tue Oct 01 10:03:32 +0000 2024","0","lebih suka tampilan livin mandiri yg lama aaakkkkk","1841056343593271316","","","in","","0","2","0","https://x.com/ileuvvme/status/1841056343593271316","1029675907","ileuvvme"
"1841055724304060649","Tue Oct 01 10:01:04 +0000 2024","0","gue ga mau update livin mandiri","1841055724304060649","","","in","YK","0","0","0","https://x.com/patrickbahenol/status/1841055724304060649","1061066238342778881","patrickbahenol"
"1841055238066782714","Tue Oct 01 09:59:08 +0000 2024","0","Livin mandiri beneran menurun tampilannyaaa wkwkwk yang dulu kek high class banget cuyyy sekarang hadeeeh ytta aja deh","1841055238066782714","","","in","","0","1","0","https://x.com/putrriannisa/status/1841055238066782714","1238605080108003328","putrriannisa"
"1841054090454868373","Tue Oct 01 09:54:34 +0000 2024","0","oh waaaaw Livin by Mandiri baru UI Designnya dan ibuku kebingungan cara pakainya wkwkwk ","1841054090454868373","","","in","Jakarta Utara, DKI Jakarta","0","0","0","https://x.com/capricornsaurus/status/1841054090454868373","1475059701343608832","capricornsaurus"
"1841053119733776643","Tue Oct 01 09:50:43 +0000 2024","1","Kacao livin mandiri @mandiricare","1841053119733776643","","","in","","3","13","1","https://x.com/SugitoBryan/status/1841053119733776643","1641409259270467584","SugitoBryan"
"1841051809567109267","Tue Oct 01 09:45:31 +0000 2024","0","Kenapa livin mandiri jadi alay gini","1841051809567109267","","","in","","0","1","0","https://x.com/albaniarksv/status/1841051809567109267","113769572","albaniarksv"
"1841051765216854187","Tue Oct 01 09:45:20 +0000 2024","0","Ngakak banget ngeliat orang komplain tampilan livin jadi jelek w belum update si. Tapi w males dah sekarang mandiri ada biaya saldo minimum yang w tau si minimal kan 100k ya tapi uang gua ada lebih tetep kena","1841051765216854187","","","in","","0","1","0","https://x.com/banyakduiddong/status/1841051765216854187","1471733148","banyakduiddong"
"1841051300676735395","Tue Oct 01 09:43:29 +0000 2024","2","livin mandiri jd rame bgt tampilannya malah kayak dana","1841051300676735395","","","in","Unknown","0","0","0","https://x.com/keripikpringles/status/1841051300676735395","290537400","keripikpringles"
"1841051258448462069","Tue Oct 01 09:43:19 +0000 2024","1","livin mandiri update tampilan jd jelek dah gitu error ga kelar kelar asem","1841051258448462069","","","in","","0","2","0","https://x.com/JayDjoo/status/1841051258448462069","705194994873675776","JayDjoo"
"1841050127492136989","Tue Oct 01 09:38:50 +0000 2024","0","kayak warna livin' by mandiri","1841050127492136989","","","in","","0","0","0","https://x.com/beevvide/status/1841050127492136989","1697575238694006784","beevvide"
"1841048967192461750","Tue Oct 01 09:34:13 +0000 2024","1","kan kata gua juga apa cok memang pepek bgt livin mandiri ini abis upgrade fitur bukannya makin oke malah kek jembuutt ","1841048967192461750","","","in","Kota Bandung, Jawa Barat","0","3","0","https://x.com/ecapybaraaa/status/1841048967192461750","1674671199362904064","ecapybaraaa"
"1841048208987886017","Tue Oct 01 09:31:12 +0000 2024","0","Pukpuk buat product designernya livin mandiri so far gue lihat banyak comment jelek Changes is hard sih emang...","1841048208987886017","","","in","id || en","0","0","0","https://x.com/doriansdream_/status/1841048208987886017","1137029337591402496","doriansdream_"
"1841046162142556399","Tue Oct 01 09:23:04 +0000 2024","0","Ternyata banyak yang gak suka sama tampilan baru livin mandiri. Sama saya juga","1841046162142556399","","","in","Lindungan Allah SWT.","0","0","0","https://x.com/mutia_mdr/status/1841046162142556399","385969852","mutia_mdr"
"1841044691997114479","Tue Oct 01 09:17:14 +0000 2024","0","yg pake livin mandiri pada eror ga sih? kok livin gue eror sih gembel bgt","1841044691997114479","","","in","","0","4","0","https://x.com/evannslee/status/1841044691997114479","1690197803543465984","evannslee"
"1841044259593732454","Tue Oct 01 09:15:31 +0000 2024","0","Livin mandiri yg baru tolongg tampilanmu bikin mumeettt","1841044259593732454","","","in","","0","0","0","https://x.com/Whydaprilia/status/1841044259593732454","462840956","Whydaprilia"
"1841035466956816775","Tue Oct 01 08:40:34 +0000 2024","0","livin mandiri ini ui nya terlalu rame deh gasimpel banget dah kyk aplikasi apaan smua masuk smua ditampilin;(","1841035466956816775","","","in","","0","0","0","https://x.com/jjasminumsambac/status/1841035466956816775","1483295515555282948","jjasminumsambac"
"1841035034762834057","Tue Oct 01 08:38:51 +0000 2024","0","trending livin mandiri klik isinya buzzerp","1841035034762834057","","","in","Indonesia","0","2","0","https://x.com/gamelody_/status/1841035034762834057","49955234","gamelody_"
"1841034147412000881","Tue Oct 01 08:35:20 +0000 2024","0","livin mandiri kenapa jadi jelek bgtbgtbgtt anjritt PADAHALLL dulu livin mbanking paling bagus diantara bank2 laen","1841034147412000881","","","in","di bawah langit di atas bumi","0","1","0","https://x.com/gurllbozz/status/1841034147412000881","1165939933346877441","gurllbozz"
"1841030481808408828","Tue Oct 01 08:20:46 +0000 2024","5","tampilan livin mandiri kenapa jadi rame gini https://t.co/l7NhJclCEX","1841030481808408828","https://pbs.twimg.com/media/GYyndT8aQAA1ra2.jpg","","in","mks","0","4","0","https://x.com/_vtri/status/1841030481808408828","341232216","_vtri"
"1841030224160383035","Tue Oct 01 08:19:44 +0000 2024","2","Ui livin mandiri sekarang lengkap banget njir Versi sebelumnya terlalu simpel sama ikon nya kecil kecil","1841030224160383035","","","in","Sleman","0","0","0","https://x.com/Sepwy32/status/1841030224160383035","1622375061138313216","Sepwy32"
"1841030019906486582","Tue Oct 01 08:18:56 +0000 2024","0","Livin mandiri sekarang ngapa jele banget sik. ","1841030019906486582","","","in","","0","2","0","https://x.com/punyafen/status/1841030019906486582","118036146","punyafen"
"1840996923123384703","Tue Oct 01 08:14:05 +0000 2024","0","dah bisa bayar akhirnya hadahhhh baru kali ini gua kena trouble livin' by mandiri","1841028800311701873","","mprotgem","in","","0","0","0","https://x.com/mprotgem/status/1841028800311701873","1679790210832535552","mprotgem"
"1841028724764078589","Tue Oct 01 08:13:47 +0000 2024","0","Tampilane livin by mandiri kok giniiii arghhhh keliatan bikin pusing","1841028724764078589","","","in","Malang, Jawa Timur","0","0","0","https://x.com/noirsvrblanc/status/1841028724764078589","1531823004618850305","noirsvrblanc"
"1841028598351995160","Tue Oct 01 08:13:17 +0000 2024","0","Livin mandiri trending beneranjelek bgt setelah di upgrade skrg gabisa liat sisa saldo di e wallet jd kl mau top up harus cek bolak balik -_-","1841028598351995160","","","in","","0","1","0","https://x.com/ur_sOngpyeon/status/1841028598351995160","1349555330078838784","ur_sOngpyeon"
"1841027490636251380","Tue Oct 01 08:08:53 +0000 2024","2","Livin mandiri ngoyak dikit kalo mau perbaikan jangan di tengah2 hari banget cok emang lo kira orang orang ga butuh?","1841027490636251380","","","in","","0","1","0","https://x.com/rendahujan/status/1841027490636251380","1730636517603991552","rendahujan"
"1841026997071585517","Tue Oct 01 08:06:55 +0000 2024","0","Livin mandiri ki pie to kon ngerti2 metuu Gek kartuku fisik ilang ","1841026997071585517","","","in","surakarta hidiningrat","0","1","0","https://x.com/udhameraung/status/1841026997071585517","430379077","udhameraung"
"1841026712601313782","Tue Oct 01 08:05:47 +0000 2024","0","@mandiricare saya mau aktifkan livin mandiri tp kartu debitnya udh ilang dan saya gatau no kartunya cuma saya hafal noreknya. Bisakah dibantu min?","1841026712601313782","","mandiricare","in","","1","15","0","https://x.com/aespaa_official/status/1841026712601313782","409107360","aespaa_official"
"1841026265957958059","Tue Oct 01 08:04:01 +0000 2024","1","Sorry to say Livin Mandiri sekarang jelek banget bikin puyeng","1841026265957958059","","","in","Sakyo-ku, Kyoto","0","2","0","https://x.com/ajinhaha/status/1841026265957958059","144263465","ajinhaha"
"1841026014643961979","Tue Oct 01 08:03:01 +0000 2024","0","Hi teman GOCpay! 1 Oktober saatnya main game baru. Ini dia 3 rekomendasi game KONAMI yang wajib kalian beli cuma dibawah 200rb. Bisa bayar pakai Livin Mandiri dan lainnya. Isi Steam Wallet di GOCpay semoga Oktober bisa gg gaming #GOCpay #STEAM #KONAMI #JENNIExCHANELSS25 https://t.co/de2ZgpT9Xf","1841026014643961979","https://pbs.twimg.com/media/GYyidbeaAAA_rVI.jpg","","in","Indonesia","0","0","0","https://x.com/GOCpay/status/1841026014643961979","481711408","GOCpay"
"1841024619895276027","Tue Oct 01 07:57:28 +0000 2024","0","tadi beli eskrim buka app livin mandiri eh loading lemot akhirnya bayar qris pake bca gataunya emang lagi error dua dua nya hadeeeee","1841024619895276027","","","in","","0","2","0","https://x.com/enerjjaenni/status/1841024619895276027","1026809907972993026","enerjjaenni"
"1841024421500502444","Tue Oct 01 07:56:41 +0000 2024","0","jelek bgt ini livin mandiri","1841024421500502444","","","in","","0","1","0","https://x.com/aysibucin/status/1841024421500502444","1279983835480854528","aysibucin"
"1841024214754869758","Tue Oct 01 07:55:52 +0000 2024","1","Menyesal update aplikasi mbanking Livin Mandiri. Jelek bangett!!!! Ih kesel","1841024214754869758","","","in","Indonesia","1","1","0","https://x.com/yunayah21_/status/1841024214754869758","544923250","yunayah21_"
"1841001514065965387","Tue Oct 01 07:55:26 +0000 2024","0","@Leobebbe @mandiricare Livin mandiri berubah design ga woro woro most mandiri berubah nama ga woro woro pulak entah lah apa ini Mandiri. Beneran dah kupindahin duitku ke m-BCA mas leo gara2 kesel wkwk","1841024107519099361","","Leobebbe","in","Malang, Jawa Timur","3","9","0","https://x.com/herdapr/status/1841024107519099361","61919109","herdapr"
"1841024025986023765","Tue Oct 01 07:55:07 +0000 2024","1","otw papa nanyain cara pake livin mandiri yang baru ","1841024025986023765","","","in","/tmp","0","2","0","https://x.com/txtcybr/status/1841024025986023765","214377772","txtcybr"
"1841013786888847621","Tue Oct 01 07:14:25 +0000 2024","0","Livin mandiri kenapa si dana gue blm gue pindahin taik lah","1841013786888847621","","","in","Earth","0","3","0","https://x.com/tahuzn/status/1841013786888847621","1344481337579749377","tahuzn"
"1841013761064518058","Tue Oct 01 07:14:19 +0000 2024","0","LIVIN MANDIRI EROR!!","1841013761064518058","","","in","bekasi","0","2","0","https://x.com/RatiiH_iw/status/1841013761064518058","726288030","RatiiH_iw"
"1841013149321085178","Tue Oct 01 07:11:53 +0000 2024","0","eh livin mandiri plis ya gw udh maklumin gbisa transaksi di jam 11-01 mlm tp jgn eror jg skrg jelek lu","1841013149321085178","","","in","","0","2","0","https://x.com/deensidee/status/1841013149321085178","1247840109543616512","deensidee"
"1841013109504557462","Tue Oct 01 07:11:44 +0000 2024","1","Livin mandiri error nya nggak kira2. Baguslah makin memperkuat keputusan untuk nggak jadiin mandiri sbg bank utama.","1841013109504557462","","","in","","0","4","1","https://x.com/ClawG8/status/1841013109504557462","1124917337826553856","ClawG8"
"1841013098997825778","Tue Oct 01 07:11:41 +0000 2024","0","Padahal tampilan livin mandiri yang kemarin udh bagus bgt ","1841013098997825778","","","in","the pok","0","1","0","https://x.com/nada_syfaa/status/1841013098997825778","1629029756456038401","nada_syfaa"
"1841013091888480730","Tue Oct 01 07:11:40 +0000 2024","0","Livin Mandiri napa ya. Untung tadi bawa uang cash ","1841013091888480730","","","in","Between the rhythm & melody","0","2","0","https://x.com/NoviaAnindhita/status/1841013091888480730","77673689","NoviaAnindhita"
"1841012969200877603","Tue Oct 01 07:11:10 +0000 2024","0","Livin Mandiri keren","1841012969200877603","","","in","","0","1","0","https://x.com/dwi_dfajri/status/1841012969200877603","1620188473834737664","dwi_dfajri"
"1841012729022464510","Tue Oct 01 07:10:13 +0000 2024","0","pada ngeluh livin mandiri error tapi punyaku syukur dari siang sampe sekarang baik aja","1841012729022464510","","","in","","1","2","0","https://x.com/everyhae15/status/1841012729022464510","872300213062557696","everyhae15"
"1841012623233728628","Tue Oct 01 07:09:48 +0000 2024","0","ngape sihh livin mandiri ngelagnya ga tepat waktu banget anjir pas pasan gue dipanggil bos pas ditanya dana sisa berapa? gue buka tuh livin kaga bisa bisaaa","1841012623233728628","","","in","","0","2","0","https://x.com/ikanlelekokhee/status/1841012623233728628","1290525251235807233","ikanlelekokhee"
"1841012439674208296","Tue Oct 01 07:09:04 +0000 2024","1","livin mandiri kenapa anj menghubungkan trus? aduh mana udh terbiasa cashless lgi ","1841012439674208296","","","in","accounting unhas’24","0","3","0","https://x.com/asgardiaaan/status/1841012439674208296","1668221888513052673","asgardiaaan"
"1841012318555292103","Tue Oct 01 07:08:35 +0000 2024","0","Livin mandiri gangguan kah?","1841012318555292103","","","in","Deutzen, Deutschland","0","3","0","https://x.com/crhup/status/1841012318555292103","1245287821511766018","crhup"
"1841012063831015812","Tue Oct 01 07:07:35 +0000 2024","0","livin mandiri lagi maintenance ya? tumben bgt siang biasanya malem kalau error gini","1841012063831015812","","","in","","0","3","0","https://x.com/cicipapaa/status/1841012063831015812","1495035663041064965","cicipapaa"
"1841011643423367467","Tue Oct 01 07:05:54 +0000 2024","1","Livin mandiri msh error aja dari tadi hadehhh","1841011643423367467","","","in","","0","3","0","https://x.com/akunanon_aja/status/1841011643423367467","1619973835734028288","akunanon_aja"
"1840971440373608771","Tue Oct 01 07:05:52 +0000 2024","2","@mandiricare @sleepyase Jam 11.00 - sekarang masih error Livin Mandiri. Susah login. Kalo pun bisa dipakai buat transfer juga malah notifnya harus nunggu di antrean. Kapan bisa selesai benarinnya @bankmandiri @mandiricare ?","1841011632996290999","","mandiricare","in","Jakarta","1","22","0","https://x.com/JanuIsmadi/status/1841011632996290999","558579780","JanuIsmadi"
"1841011521511702993","Tue Oct 01 07:05:25 +0000 2024","4","LIVIN MANDIRI LU JELEK BANGETT SEKARANGGG TAMPILAN LU JUGA JELEKK BANGETT UDAH PAKE WIFI KUOTA DATA MASIH AJE LU JELEK LUUUU @bankmandiri https://t.co/R39U1ULFed","1841011521511702993","https://pbs.twimg.com/media/GYyWONlbQAEeo3Y.jpg","","in","°~♡☆*","1","11","1","https://x.com/ptinjni/status/1841011521511702993","1342733921146920960","ptinjni"
"1841011285481414736","Tue Oct 01 07:04:29 +0000 2024","0","@mandiricare @bankmandiri Livin error mulu ke atm mandiri samaa! Jaringannya atm juga error kartu ketelen.. alamak ‍️","1841011285481414736","","mandiricare","in","","0","1","0","https://x.com/DRFaluti/status/1841011285481414736","1835251211043573760","DRFaluti"
"1841011171304096147","Tue Oct 01 07:04:02 +0000 2024","0","Fatal bgt nih Livin Mandiri update system siang hari payah dah!","1841011171304096147","","","in","Jakarta Capital Region","0","0","0","https://x.com/fahmibas/status/1841011171304096147","88610519","fahmibas"
"1841010852432134659","Tue Oct 01 07:02:46 +0000 2024","0","Livin mandiri kok error mulu sih ","1841010852432134659","","","in","","0","3","0","https://x.com/nadaitsm/status/1841010852432134659","1442164567304331265","nadaitsm"
"1841010811327955297","Tue Oct 01 07:02:36 +0000 2024","0","Bener2 lagi ada perlu jd menghambat banget nih livin mandiri","1841010811327955297","","","in","","0","1","0","https://x.com/GhifariGe/status/1841010811327955297","1220184883584208896","GhifariGe"
"1841001363721109980","Tue Oct 01 06:25:03 +0000 2024","2","anjingg ternyata emg livin mandiri lg error y jnckkk sebel bgt anj lemot setannn","1841001363721109980","","","in","","0","2","0","https://x.com/astrmpsi/status/1841001363721109980","1579776220455370752","astrmpsi"
"1841001224352776518","Tue Oct 01 06:24:30 +0000 2024","1","Livin mandiri error muluuuu","1841001224352776518","","","in","","0","2","0","https://x.com/mybabyrora/status/1841001224352776518","1789332082705276928","mybabyrora"
"1841001170695000276","Tue Oct 01 06:24:17 +0000 2024","0","livin mandiri ni kapan benernya ia mau transfer gk bisa plis","1841001170695000276","","","in","Open: 10 AM - 11 PM","0","1","0","https://x.com/yaemikvo/status/1841001170695000276","784778964","yaemikvo"
"1841001155322921171","Tue Oct 01 06:24:14 +0000 2024","0","Livin mandiri bapuk","1841001155322921171","","","in","BDG","0","0","0","https://x.com/irvankusumah7/status/1841001155322921171","1518971610","irvankusumah7"
"1841001121118367794","Tue Oct 01 06:24:06 +0000 2024","0","Bank @bankmandiri kalo emang ga niat bikin update yg stabil di livin mandiri gak usah sok kreatip kebanyakan fitur keep it simple https://t.co/Wz4tSnb2pJ","1841001121118367794","https://pbs.twimg.com/media/GYyMw25bAAAcJtT.jpg","","in","Jakarta-Semarang ","0","1","0","https://x.com/bang8ros/status/1841001121118367794","41557560","bang8ros"
"1841001112515887267","Tue Oct 01 06:24:04 +0000 2024","0","iki livin mandiri ngopo to ajg aku meh mbayar listrik ki gok","1841001112515887267","","","in","","0","0","0","https://x.com/parkir3rb/status/1841001112515887267","975741287809744896","parkir3rb"
"1841001066986705164","Tue Oct 01 06:23:53 +0000 2024","0","Livin mandiri kenapa dahhh","1841001066986705164","","","in","Indonesia","0","0","0","https://x.com/ninnntendou/status/1841001066986705164","399844249","ninnntendou"
"1841001044064813187","Tue Oct 01 06:23:47 +0000 2024","0","UI &amp; UX livin mandiri bintang 5 anjeng alias apik cok","1841001044064813187","","","in","","0","2","0","https://x.com/rich_ivaldo/status/1841001044064813187","2946374683","rich_ivaldo"
"1841000941971251242","Tue Oct 01 06:23:23 +0000 2024","1","livin mandiri error ampun dahhhh ","1841000941971251242","","","in","Jakarta Selatan","0","2","0","https://x.com/thalitasfa/status/1841000941971251242","545745053","thalitasfa"
"1841000932680876139","Tue Oct 01 06:23:21 +0000 2024","1","Ihh livin mandiri lagi error yaaa","1841000932680876139","","","in","","0","2","0","https://x.com/dreamerovt/status/1841000932680876139","1440607256853159941","dreamerovt"
"1841000848828350530","Tue Oct 01 06:23:01 +0000 2024","1","anjir gw kira sinyal gw yg jelek taunya emg Livin Mandiri yg lg problem","1841000848828350530","","","in","","0","1","0","https://x.com/sandyyklein/status/1841000848828350530","1481101567986368512","sandyyklein"
"1841000841626742931","Tue Oct 01 06:22:59 +0000 2024","0","Kirain cuma aku yang livin mandiri eror Ternyata rame hihi","1841000841626742931","","","in","Lamongan,Jawa Timur,Indonesia","0","0","0","https://x.com/gus_harjo/status/1841000841626742931","2906937284","gus_harjo"
"1841000689935532070","Tue Oct 01 06:22:23 +0000 2024","1","Livin mandiri kenapa down jam segini dah","1841000689935532070","","","in","Magelang - Yogyakarta","0","5","0","https://x.com/AbdanAhnafi/status/1841000689935532070","922875860","AbdanAhnafi"
"1841000686097743922","Tue Oct 01 06:22:22 +0000 2024","2","Ampe trending gatuh gara2 si livin mandiri error.. aku ampe harus ngerepotin temen wei","1841000686097743922","","","in","INA","0","1","0","https://x.com/nxhxnjx87/status/1841000686097743922","732631346485436416","nxhxnjx87"
"1841000663028765161","Tue Oct 01 06:22:16 +0000 2024","2","Ngelawak mulu ini livin mandiri BUMN yang tidak ber AKHLAK @mandiricare @bankmandiri @livinpoin","1841000663028765161","","","in","DKI Jakarta, Indonesia","0","1","0","https://x.com/PakuDera/status/1841000663028765161","547561374","PakuDera"
"1841000533282214233","Tue Oct 01 06:21:45 +0000 2024","0","Aplikasi Livin by Mandiri makin jelek aja. Ga bisa diakses. Error terus. Payah banget. @bankmandiri","1841000533282214233","","","in","Bandung","0","3","0","https://x.com/RealAuk/status/1841000533282214233","58636179","RealAuk"
"1841000448733692188","Tue Oct 01 06:21:25 +0000 2024","0"," Livin Mandiri jeng jeng","1841000448733692188","","","in","Makassar/Indonesia","0","0","0","https://x.com/asdarpix/status/1841000448733692188","250930508","asdarpix"
"1840948681719312595","Tue Oct 01 06:21:11 +0000 2024","0","@bankmandiri demi apapunn gabisa bayarrr urusan kampus gara2 livin mandiri eror muluuu","1841000389250039975","","bankmandiri","in","","0","1","0","https://x.com/namjoonsgf6/status/1841000389250039975","1512696690457083906","namjoonsgf6"
"1841000365715832871","Tue Oct 01 06:21:05 +0000 2024","0","Gimana menurut kalian? Ini harga BBM di SPBU Pertamina Shell per 1 Oktober 2024 https://t.co/imhcd0m8z8 #kabar #berita #pertamina #subsidi #pertalite #pertamax #beritaterkini Sunda ILYY Livin Mandiri","1841000365715832871","","","in","","0","0","0","https://x.com/woah_id/status/1841000365715832871","1837770664734056448","woah_id"
"1841000345671254390","Tue Oct 01 06:21:01 +0000 2024","2","Kaco ni lama banget Livin mandiri error nya gak bisa payment apa2 mau top up juga ini weeeyyyyyy @bankmandiri @mandiricare https://t.co/sD9AskPEE3","1841000345671254390","https://pbs.twimg.com/media/GYyMAbPbQAAGD1D.jpg","","in","Mamp prapatan,Jakarta selatan.","3","16","0","https://x.com/nenirianii/status/1841000345671254390","295526726","nenirianii"
"1840999354313638277","Tue Oct 01 06:17:04 +0000 2024","1","Livin Mandiri yaaaaaa Tuhan!! https://t.co/n6lEjAohbg","1840999354313638277","https://pbs.twimg.com/media/GYyLJYUakAA2Asj.jpg","","in","","0","1","0","https://x.com/lulutayu_/status/1840999354313638277","1821307896606683138","lulutayu_"
"1840999351415632231","Tue Oct 01 06:17:04 +0000 2024","1","Ini livin mandiri bangke banget dah giliran butuh urgent gak bisa diakses","1840999351415632231","","","in","Jakarta","0","1","0","https://x.com/istianarsanah/status/1840999351415632231","81594346","istianarsanah"
"1840996841858744832","Tue Oct 01 06:16:18 +0000 2024","3","@a_rizal @mandiricare Parah emang mandiri jadi ribet semuanya ggr livin error","1840999160860065888","","a_rizal","in","AR","2","14","0","https://x.com/Aldiadtyax28/status/1840999160860065888","614199214","Aldiadtyax28"
"1840999127997616459","Tue Oct 01 06:16:10 +0000 2024","1","ini mandiri livin' lg error ya? atau punya gw aja ","1840999127997616459","","","in","","0","1","0","https://x.com/machiagal/status/1840999127997616459","1707808874701664259","machiagal"
"1840998872123924544","Tue Oct 01 06:15:09 +0000 2024","3","plis ya livin by mandiri update appsnya lucu si lucu tapi gausa pake error segala dongg. enak diliat ga enak dipake sama ajaa boong","1840998872123924544","","","in","","0","3","0","https://x.com/haeyazzahra/status/1840998872123924544","1236836287392305153","haeyazzahra"
"1840998869452423244","Tue Oct 01 06:15:09 +0000 2024","2","@mandiricare ini Livin' Mandiri ngantri bansos apa gimana sih dari tadi.... https://t.co/QqP9nCXbr7","1840998869452423244","https://pbs.twimg.com/media/GYyKthtbQAA2u4g.jpg","mandiricare","in","Jakarta Capital Region","1","9","0","https://x.com/VD1302/status/1840998869452423244","282233663","VD1302"
"1840895370328752341","Tue Oct 01 06:14:45 +0000 2024","1","@_iamrobot_ @bankmandiri livin mandiri kok bermasalah padahal lagi urgent loh","1840998770127093791","","_iamrobot_","in","","0","5","0","https://x.com/Narutookunnn/status/1840998770127093791","1493569314292568065","Narutookunnn"
"1840998711645589543","Tue Oct 01 06:14:31 +0000 2024","2","Livin Mandiri error pas jam sibuk. Bayangkan ada berapa engineer yang keringet dingin di ruang server .","1840998711645589543","","","in","Jakarta Pusat, DKI Jakarta","0","2","0","https://x.com/positron___/status/1840998711645589543","1065998529628266497","positron___"
"1840998648156692847","Tue Oct 01 06:14:16 +0000 2024","1","@mandiricare livin by mandiri error-nya sampai kapan dah?","1840998648156692847","","mandiricare","in","+62","0","13","0","https://x.com/yantinainggolan/status/1840998648156692847","33781447","yantinainggolan"
"1840997121279082504","Tue Oct 01 06:14:14 +0000 2024","1","Livin mandiri sampe typo saking emosi ","1840998638816018602","","imattuadniw","in","","0","1","0","https://x.com/imattuadniw/status/1840998638816018602","165764339","imattuadniw"
"1840998627130413118","Tue Oct 01 06:14:11 +0000 2024","1","Tolong Livin mandiri jangan update sendiri kalau ujungnya kek gini please https://t.co/fJhPRg3qph","1840998627130413118","https://pbs.twimg.com/media/GYyKfoEbsAEhysL.jpg","","in","Bandung","0","1","0","https://x.com/rzeyazri/status/1840998627130413118","1242070948401967108","rzeyazri"
"1840998624018514129","Tue Oct 01 06:14:10 +0000 2024","0","HARI INI KENAPA YA BANYAK GANGGUAN/DOWN #livinmandiri #playstation","1840998624018514129","","","in","","0","0","0","https://x.com/IrvanHafiz70125/status/1840998624018514129","1642387455222648833","IrvanHafiz70125"
"1840998562303287769","Tue Oct 01 06:13:56 +0000 2024","1","Bca mobile malah jarang error daripada si livin mandiri","1840998562303287769","","","in","JOG-JKT","1","4","0","https://x.com/hendraseptaaa/status/1840998562303287769","69519182","hendraseptaaa"
"1840998552153268625","Tue Oct 01 06:13:53 +0000 2024","0","please ya lg darurat ini livin mandiri skrg sering error https://t.co/AvZR1DwwWM","1840998552153268625","https://pbs.twimg.com/media/GYyKa-nbQAATuxp.jpg","","in","Bandung-Indonesia","0","2","0","https://x.com/cute_barra/status/1840998552153268625","176399973","cute_barra"
"1840998547841564934","Tue Oct 01 06:13:52 +0000 2024","1","Lemot poll.. LIVIN Mandiri ngajak gelut woiii.. Mau transaksi duit sendiri malah disuruh antri kyk mau ambil BLT ajaaa @bankmandiri @mandiricare Tolong balikin ke yg lama aja dah klo yg baru gini bikin kecewa pelanggan. https://t.co/QGhrsmK2Zs","1840998547841564934","https://pbs.twimg.com/media/GYyKa_oawAAmVD4.jpg","","in","in your heart","8","1","2","https://x.com/anjar_zone/status/1840998547841564934","78854181","anjar_zone"
"1840998137491832931","Tue Oct 01 06:13:52 +0000 2024","9","Demm ternyata emg lagi pada begini ya Livin mandiri nya https://t.co/cmUxAp6IHL","1840998546465833030","https://pbs.twimg.com/media/GYyKbAJa4AA6Jgc.jpg","canztick","in","doo.","1","1","1","https://x.com/canztick/status/1840998546465833030","1261387796675088389","canztick"
"1840998524445725081","Tue Oct 01 06:13:46 +0000 2024","0","oy livin mandiri knp jriiit","1840998524445725081","","","in","cyber","0","3","0","https://x.com/mmenthoI/status/1840998524445725081","1528390287831465984","mmenthoI"
"1840995021233008868","Tue Oct 01 06:13:31 +0000 2024","0","@PoloBE @dreamingstiles Livin Mandiri Cabang Inggis ? #scammer","1840998461124329881","","PoloBE","in","Indonesia","0","0","0","https://x.com/syahrifalanwar/status/1840998461124329881","4761040284","syahrifalanwar"
"1840998427020443923","Tue Oct 01 06:13:23 +0000 2024","1","LIVIN MANDIRI LG KENAPA DAH -_-","1840998427020443923","","","in","","0","1","0","https://x.com/bukantetew/status/1840998427020443923","1177577164427759616","bukantetew"
"1840997587568202034","Tue Oct 01 06:10:03 +0000 2024","2","Dikira sinyal error taunya emang banyak lagi error livin mandiri. Mau bayar VA gak bsa nih. Cc: @bankmandiri @mandiricare","1840997587568202034","","","in","","1","11","0","https://x.com/dadadadaix/status/1840997587568202034","157633239","dadadadaix"
"1840997566332518517","Tue Oct 01 06:09:58 +0000 2024","2","Livin mandiri lagi error ya?","1840997566332518517","","","in","","0","1","0","https://x.com/aretistic/status/1840997566332518517","2504100944","aretistic"
"1840997546132418754","Tue Oct 01 06:09:53 +0000 2024","1","Cek X bener aja Livin Mandiri lagi down.","1840997546132418754","","","in","Indonesia","0","0","0","https://x.com/SandisGo/status/1840997546132418754","71530840","SandisGo"
"1840997524397834472","Tue Oct 01 06:09:48 +0000 2024","1","livin mandiri setelah perbarui app knp makin eror dah co aku mo bayar makan drtd gabisa gbisa bjir untung ada cash dikit","1840997524397834472","","","in","","0","1","0","https://x.com/aliasgaada/status/1840997524397834472","2996999486","aliasgaada"
"1840997510581797271","Tue Oct 01 06:09:45 +0000 2024","1"," Money politic mengancam demokrasi di Indonesia mendorong masyarakat untuk lebih bijak dalam memilih calon pemimpin. - tag: Livin Mandiri Dosen 1 Oktober Anggi Mbak https://t.co/7OBIlBGMH6","1840997510581797271","","","in","Jakarta","0","0","0","https://x.com/TiyarmanGulo/status/1840997510581797271","496814772","TiyarmanGulo"
"1840997462087246036","Tue Oct 01 06:09:33 +0000 2024","1","Livin mandiri gangguan hari ini livin mandiri down livin mandiri tidak bisa dibuka ada pesan Belum Berhasil Terhubung. Trending di X. https://t.co/mcyecGniMc lewat @tribunnews","1840997462087246036","","","in","Pekanbaru (Hotline 0761-36345)","0","0","0","https://x.com/tribun_PKU/status/1840997462087246036","1340908661418283008","tribun_PKU"
"1840997278875549879","Tue Oct 01 06:08:50 +0000 2024","1","@mandiricare halo admin ini apk Livin by bank Mandiri lg ada maintenance kah? Aku mau jajan egk bisa masuk ke aplikasinya: ) https://t.co/lM4tUlRx7p","1840997278875549879","https://pbs.twimg.com/media/GYyJRFAaIAAWQDW.jpg","mandiricare","in","sbt acc!","2","20","0","https://x.com/ggumiday/status/1840997278875549879","1690073806151516164","ggumiday"
"1840997274954170596","Tue Oct 01 06:08:49 +0000 2024","0","@mandiricare apa sdg ada pemeliharaan server mandiri?Livin eror terus","1840997274954170596","","mandiricare","in","Indonesia","0","1","0","https://x.com/expressmedserv/status/1840997274954170596","4710940095","expressmedserv"
"1840997254926385517","Tue Oct 01 06:08:44 +0000 2024","1","Sobat Livin Mandiri https://t.co/FkxYsmp0xI","1840997254926385517","https://pbs.twimg.com/media/GYyJPTYbQAEOHAt.jpg","","in","","0","0","0","https://x.com/addictiveca/status/1840997254926385517","1659132466526027776","addictiveca"
"1840997192510976406","Tue Oct 01 06:08:29 +0000 2024","2","Si babi !!! Errornya jangan keseringan dong Livin Mandiri. https://t.co/qvT3DOq2VC","1840997192510976406","https://pbs.twimg.com/media/GYyJLtAbQAAHC5S.jpg","","in","","0","0","0","https://x.com/HepriMr/status/1840997192510976406","877869871492587520","HepriMr"
"1840997186269561013","Tue Oct 01 06:08:27 +0000 2024","2","livin mandiri anjirt lagi beli makan mao qris gabisa bisa untung ada sisa cash ya allah","1840997186269561013","","","in","","1","1","0","https://x.com/arathechild/status/1840997186269561013","1639149368585646081","arathechild"
"1840997162278412761","Tue Oct 01 06:08:22 +0000 2024","1","bray livin mandiri error yaa?","1840997162278412761","","","in","","0","3","0","https://x.com/mark_Iee/status/1840997162278412761","1342678251336962048","mark_Iee"
"1840997128459423828","Tue Oct 01 06:08:14 +0000 2024","0","Livin mandiri gek kanggo2 ne malah down","1840997128459423828","","","in","Magelang, Jawa Tengah","0","0","0","https://x.com/farizmd13/status/1840997128459423828","564432771","farizmd13"
"1840997081223479423","Tue Oct 01 06:08:02 +0000 2024","1","Livin Mandiri - Kacrut sekarang..Super lelet gak jelas.","1840997081223479423","","","in","Jakarta, Indonesia","0","0","0","https://x.com/chris_tuarissa/status/1840997081223479423","29697187","chris_tuarissa"
"1840996973702430762","Tue Oct 01 06:07:37 +0000 2024","0","Livin mandiri susah bnget mau login. @mandiricare","1840996973702430762","","","in","Lamongan","0","3","0","https://x.com/doksers/status/1840996973702430762","526110679","doksers"
"1840996947999805478","Tue Oct 01 06:07:31 +0000 2024","1","Livin Mandiri abis update malah error kocak","1840996947999805478","","","in","","0","2","0","https://x.com/Nai248/status/1840996947999805478","1525782167976316929","Nai248"
"1840996923123384703","Tue Oct 01 06:07:25 +0000 2024","1","sumpah livin' by mandiri setelah gua update jd malah ga bisa di akses? biasanya ada notif dr malem kalo ga bisa di akses dr jam sekian sampe jam sekian ini ga ada samsek? kocak gua mau bayar² ya gimana anjir? hadehhhh","1840996923123384703","","","in","","0","1","0","https://x.com/mprotgem/status/1840996923123384703","1679790210832535552","mprotgem"
"1840996913841422798","Tue Oct 01 06:07:22 +0000 2024","1","Livin mandiri mending u buruan bener deh anjing w mau isi gopay dari tadi gabisa mulu babi ","1840996913841422798","","","in","","0","0","0","https://x.com/menyembah666/status/1840996913841422798","801801030660825088","menyembah666"
"1840996913753010556","Tue Oct 01 06:07:22 +0000 2024","0","livin mandiri woi untung tadi uda bisa di tf","1840996913753010556","","","in","","0","0","0","https://x.com/bloomquay/status/1840996913753010556","1550114295521783819","bloomquay"
"1840996841858744832","Tue Oct 01 06:07:05 +0000 2024","35","Ampun dah ahhh Livin Mandiri semenjak ganti UI jadi lemot gini. Fix your app ASAP @mandiricare https://t.co/dwUUUDLJXl","1840996841858744832","https://pbs.twimg.com/media/GYyI3e-bQAA5pSY.jpg","","in","City of steel","3","23","4","https://x.com/a_rizal/status/1840996841858744832","60080661","a_rizal"
"1840995461358109199","Tue Oct 01 06:01:36 +0000 2024","2","Livin mandiri kacau","1840995461358109199","","","in","","0","0","0","https://x.com/nainggolanptraa/status/1840995461358109199","1601560110148751360","nainggolanptraa"
"1840995393611710761","Tue Oct 01 06:01:20 +0000 2024","1","Ini livin mandiri mau maintenance sampe kpn de","1840995393611710761","","","in","","0","2","0","https://x.com/shashalattee/status/1840995393611710761","1525520908189700096","shashalattee"
"1840948681719312595","Tue Oct 01 06:01:10 +0000 2024","4","@bankmandiri Livin error tolong gue mau bayar bulanan jadi kesendat mana cuma bisa lewat VA mandiri hadeh kalau bisa lewat bca gua pake bca sumpah","1840995349898645510","","bankmandiri","in","","1","5","1","https://x.com/rathersoul/status/1840995349898645510","1746496508676251648","rathersoul"
"1840991623917822145","Tue Oct 01 06:01:08 +0000 2024","1","@saturdaydrum Livin madiri sama movin mandiri taspen kadang eror sjak pagi ini","1840995344353804613","","saturdaydrum","in","yogyakarta","0","1","1","https://x.com/ian_raharja/status/1840995344353804613","611863272","ian_raharja"
"1840995231321506293","Tue Oct 01 06:00:41 +0000 2024","0","livin mandiri eror muluu anjirlah","1840995231321506293","","","in","Yogyakarta, exo planet","0","3","0","https://x.com/ines_arya/status/1840995231321506293","3426728292","ines_arya"
"1840995180171968584","Tue Oct 01 06:00:29 +0000 2024","2","Livin Mandiri @mandiricare lagi gangguan yah?","1840995180171968584","","","in","","0","4","0","https://x.com/rawayan86/status/1840995180171968584","336392565","rawayan86"
"1840995157422063938","Tue Oct 01 06:00:24 +0000 2024","2","Mau isi emoney aja ga bisa. Mana tampilannya kayak app virtual accout biasa. Apalah bumn kualitas begini. Livin mandiri","1840995157422063938","","","in","","0","2","0","https://x.com/nekoookawaix/status/1840995157422063938","1097681698861416448","nekoookawaix"
"1840995094792634806","Tue Oct 01 06:00:09 +0000 2024","2","Livin Mandiri ayoooo... Kok iso malah eror ndek jam-jam yahmene","1840995094792634806","","","in","Blitar, Jawa Timur","0","0","0","https://x.com/nurhabib98/status/1840995094792634806","1599822704","nurhabib98"
"1840995021233008868","Tue Oct 01 05:59:51 +0000 2024","2","Livin Mandiri error saat lagi transaksi wkwkwk","1840995021233008868","","","in","Indonesia","0","2","0","https://x.com/syahrifalanwar/status/1840995021233008868","4761040284","syahrifalanwar"
"1840995007458918682","Tue Oct 01 05:59:48 +0000 2024","1","LIVIN MANDIRI KNPPPPP KOCAK ERROR YAALLAH MAU TOPUP GWEH","1840995007458918682","","","in","","0","2","0","https://x.com/renjunUB/status/1840995007458918682","1292318278551928838","renjunUB"
"1840994857353166950","Tue Oct 01 05:59:12 +0000 2024","1","Ni livin mandiri kenapa ya susah banget mau bayar","1840994857353166950","","","in","","0","2","0","https://x.com/rathersoul/status/1840994857353166950","1746496508676251648","rathersoul"
"1840994848767426563","Tue Oct 01 05:59:10 +0000 2024","0","Livin mandiri baru aja semalem gue update masa skrng eror terus","1840994848767426563","","","in","","0","2","0","https://x.com/baysagita/status/1840994848767426563","863111839","baysagita"
"1840994773811020270","Tue Oct 01 05:58:52 +0000 2024","2","livin mandiri sampe kapan errornya hellooo","1840994773811020270","","","in","he/him","0","2","0","https://x.com/dh4naaaa/status/1840994773811020270","1394623230023929857","dh4naaaa"
"1840994703824863315","Tue Oct 01 05:58:36 +0000 2024","2","#Livin Mandiri gangguan ya?","1840994703824863315","","","in","Serang, Banten","0","2","0","https://x.com/yulianaaaa_r/status/1840994703824863315","965921151871418369","yulianaaaa_r"
"1840994587437121717","Tue Oct 01 05:58:08 +0000 2024","126","aduh ini livin mandiri kenapa harus ganti tampilan??? lu bisa diem ga sih UI UX app indo?!?! user lu udah terbiasa sm tampilannya malah dikasih major changes","1840994587437121717","","","in","Indonesia","21","3","43","https://x.com/kawaiichichu/status/1840994587437121717","1011282459877519360","kawaiichichu"
"1840994570760515813","Tue Oct 01 05:58:04 +0000 2024","0","livin mandiri lagi error kaaah ?","1840994570760515813","","","in","","0","2","0","https://x.com/newnameit/status/1840994570760515813","1460534866097827842","newnameit"
"1840994567371571410","Tue Oct 01 05:58:03 +0000 2024","0","aplikasi jelek sampah banget ya livin by mandiri","1840994567371571410","","","in","Malang, Jawa Timur","1","2","0","https://x.com/lowkey_yy/status/1840994567371571410","1107274759597748224","lowkey_yy"
"1840994565475746200","Tue Oct 01 05:58:03 +0000 2024","1","Lu ngapa makin error sih livin mandiri Astaga gmn ini abis update kok malah jd bgni mlu @mandiricare #livinmandiri https://t.co/ENhKRLscma","1840994565475746200","https://pbs.twimg.com/media/GYyGzK5bQAAVy7u.jpg","","in","","3","20","0","https://x.com/hiumenhera/status/1840994565475746200","1185044199042777088","hiumenhera"
"1840973476016054719","Tue Oct 01 05:57:45 +0000 2024","1","@hxaveniall Betul Kak. Saya pikir setelah update jadi makin ayu. Yg sekarang malah mbingungi. #LivinMandiri","1840994490758414397","","hxaveniall","in","","0","1","0","https://x.com/DianSavitri0710/status/1840994490758414397","1127657143","DianSavitri0710"
"1840994425239195844","Tue Oct 01 05:57:29 +0000 2024","2","ini livin mandiri kek puqi lemotnya","1840994425239195844","","","in","","0","3","0","https://x.com/frootsiepops/status/1840994425239195844","1157509057583824897","frootsiepops"
"1840992627245908079","Tue Oct 01 05:50:20 +0000 2024","1","ada apa dengan LIVIN' MANDIRI ..?? kok gak bisa diakses ? @mandiricare @bankmandiri #livinmandiri #mandiri #bankmandiri","1840992627245908079","","","in","indonesia ","0","9","0","https://x.com/wongbagus01/status/1840992627245908079","1704031190976765952","wongbagus01"
"1840992500141735955","Tue Oct 01 05:49:50 +0000 2024","1","Livin mandiri interface baru tapi lemotnya naudzubillah. Terus ini tiap jam makan siang selalu perbaikan gini??? Perbaikan mulu kaya proyek mangkrak ","1840992500141735955","","","in","","0","1","0","https://x.com/ctkaaa/status/1840992500141735955","1088067291403628545","ctkaaa"
"1840992417664942404","Tue Oct 01 05:49:31 +0000 2024","1","Livin mandiri sering banget gini sihhh..@bankmandiri gabisa diandalkan mesti punya rek bank lain. Ga asik depan kasir gopohh gegara livin mandiri gagal diakses terus.","1840992417664942404","","","in","Jakarta Selatan, DKI Jakarta","0","5","0","https://x.com/Sumirat_sumirat/status/1840992417664942404","1610578008","Sumirat_sumirat"
"1840992313646203367","Tue Oct 01 05:49:06 +0000 2024","0","Livin Mandiri anj bener bener giliran urgent ada aja masalahnya","1840992313646203367","","","in","Indonesia","0","1","0","https://x.com/mbapundung/status/1840992313646203367","1279848987223142400","mbapundung"
"1840992253160144923","Tue Oct 01 05:48:51 +0000 2024","0","Kenapa aplikasi Livinmandiri gak bisa dijalankan aplikasinya saya mau transaksi jadi gak bisa bikin repot aja!!!","1840992253160144923","","","in","","0","0","0","https://x.com/Randy_syap/status/1840992253160144923","1170862490424508416","Randy_syap"
"1840992198265094292","Tue Oct 01 05:48:38 +0000 2024","0","livin mandiri erornya lama bangetttt namanya eror mah bentar aja kaliii","1840992198265094292","","","in","","0","1","0","https://x.com/vousmevoyayy/status/1840992198265094292","1170918640645836800","vousmevoyayy"
"1840992102429442449","Tue Oct 01 05:48:15 +0000 2024","1","kacau nih livin mandiri .... @bankmandiri pas mau bayaran nih. sistemnya aman ya???","1840992102429442449","","","in","","1","7","0","https://x.com/Nobelstr/status/1840992102429442449","2891769546","Nobelstr"
"1840992077850820964","Tue Oct 01 05:48:09 +0000 2024","0","Ini Livin Mandiri kenapa sih? daritadi mau top-up e-money ga bisa2.","1840992077850820964","","","in","Jakarta Capital Region","0","2","0","https://x.com/madmoiselledrie/status/1840992077850820964","367151128","madmoiselledrie"
"1840991848502083918","Tue Oct 01 05:47:15 +0000 2024","3","@bankmandiri ini app Mandiri Livin mau sampe jam berapa error? Menghambat transaksi bayar2 kerjaan dll.","1840991848502083918","","bankmandiri","in","Yogyakarta","0","7","0","https://x.com/alenerosabel/status/1840991848502083918","377121425","alenerosabel"
"1840991796668875213","Tue Oct 01 05:47:02 +0000 2024","1","Livin mandiri kok jadi gini ??","1840991796668875213","","","in","United States","0","2","0","https://x.com/TOP398875534946/status/1840991796668875213","1658464951651160066","TOP398875534946"
"1840991773319164360","Tue Oct 01 05:46:57 +0000 2024","1","LIVIN MANDIRI ERROR KAHHHH pls tolong ksh tau aku","1840991773319164360","","","in","","0","6","0","https://x.com/katariinabluw/status/1840991773319164360","1789869465301319680","katariinabluw"
"1840991623917822145","Tue Oct 01 05:46:21 +0000 2024","47","livin mandiri update sendiri jelek bgt anjirrrrr lemot cok mali bgt tadi mo bayar g bisa https://t.co/zu8Fr6lh6d","1840991623917822145","https://pbs.twimg.com/media/GYyEH0DbQAAMV4A.jpg","","in","+62 ; +65","1","10","5","https://x.com/saturdaydrum/status/1840991623917822145","1048157723081097216","saturdaydrum"
"1840991390056267845","Tue Oct 01 05:45:26 +0000 2024","1","Livin mandiri update sendiri tampilan berubah lemotnya wassalam ","1840991390056267845","","","in","Indonesia","0","1","0","https://x.com/bungazawal/status/1840991390056267845","2184429842","bungazawal"
"1840991366861767116","Tue Oct 01 05:45:20 +0000 2024","1","Update livin mandiri yg baru jelek bet taikk","1840991366861767116","","","in","loona island","0","2","0","https://x.com/jiyorbit/status/1840991366861767116","1433342650313109504","jiyorbit"
"1840991064359924047","Tue Oct 01 05:44:08 +0000 2024","1","Hadeeuuh livin mandiri kalau emg belum siap punya app atau mbanking mending tutup ajeee. Gak sekali dua kali error mulu kocag","1840991064359924047","","","in","","0","2","0","https://x.com/sedangtawakal/status/1840991064359924047","1539601836742946816","sedangtawakal"
"1840990974346248539","Tue Oct 01 05:43:46 +0000 2024","7","@mandiricare livin mandiri lagi gangguan kah? Saya mau topup ewallet kok ga bisa bisa ya https://t.co/BQS0AayOL2","1840990974346248539","https://pbs.twimg.com/media/GYyDh-EbQAEjW6r.jpg","mandiricare","in","Banjarmasin","1","14","1","https://x.com/marrriiana/status/1840990974346248539","125203290","marrriiana"
"1840990851285373100","Tue Oct 01 05:43:17 +0000 2024","1","ohh livin mandiri lg eror yaa pantes mau top up gabisaa","1840990851285373100","","","in","","0","0","0","https://x.com/blueechips/status/1840990851285373100","1050337929631952896","blueechips"
"1840990845853712408","Tue Oct 01 05:43:16 +0000 2024","35","Kesabaran gw di siang yg panas ini di uji oleh livin mandiri BGSDDDDDDDDDD pengen ngamuk gw https://t.co/hil3HZxabb","1840990845853712408","https://pbs.twimg.com/media/GYyDapRaUAAoZRT.jpg","","in","","1","0","6","https://x.com/shuvanillata/status/1840990845853712408","1488176638752063493","shuvanillata"
"1840990779629793554","Tue Oct 01 05:43:00 +0000 2024","3","mandiri livin knp siii error mulu","1840990779629793554","","","in","Yogyakarta, Indonesia","0","4","0","https://x.com/rizkayuniarrr/status/1840990779629793554","577869371","rizkayuniarrr"
"1840990714144178376","Tue Oct 01 05:42:44 +0000 2024","0","@mandiricare ini livin mandiri dari tadi emang lagi gabisa dipake ya aplikasinya? padahal udah update app","1840990714144178376","","mandiricare","in","","4","22","0","https://x.com/xyzasdfelx/status/1840990714144178376","1399197760406974468","xyzasdfelx"
"1840987997808050517","Tue Oct 01 05:31:57 +0000 2024","0","livin' mandiri lagi eror kah?","1840987997808050517","","","in","sby","0","1","0","https://x.com/pvrpleclovdie_/status/1840987997808050517","1794917732783460352","pvrpleclovdie_"
"1840987659835171294","Tue Oct 01 05:30:36 +0000 2024","0","Livin Mandiri lagi gangguan ya??? ","1840987659835171294","","","in","Indonesia","0","4","0","https://x.com/pputrays/status/1840987659835171294","390024738","pputrays"
"1840987608241094863","Tue Oct 01 05:30:24 +0000 2024","0","livin mandiri lagi gangguan ya? mau bayar tokopedia nggabisa:(","1840987608241094863","","","in","","0","3","0","https://x.com/chizzycakes_/status/1840987608241094863","1667881165804683265","chizzycakes_"
"1840987381333442955","Tue Oct 01 05:29:30 +0000 2024","0","Ini Livin mandiri abis update jadi busuk gini lemot banget asu gua mau beli makanannn","1840987381333442955","","","in","Made in Indonesia","0","1","0","https://x.com/Kakavka_/status/1840987381333442955","1389138229","Kakavka_"
"1840987261095039158","Tue Oct 01 05:29:01 +0000 2024","1","ih livin mandiri lg gangguan kah??? kok gabisa top up","1840987261095039158","","","in","Bandung, Indonesia","0","2","0","https://x.com/hazelpeach_/status/1840987261095039158","1494350785445961728","hazelpeach_"
"1840987106996600939","Tue Oct 01 05:28:24 +0000 2024","7","Ini Livin d update ngapa jadi ga bisa d buka dr td?? #Mandiri #Livinbymandiri https://t.co/GhgqVJFFun","1840987106996600939","https://pbs.twimg.com/media/GYyABD1bgAA57va.jpg","","in","Jakarta Pinggiran","0","2","0","https://x.com/vha_vie/status/1840987106996600939","312657112","vha_vie"
"1840987051279397008","Tue Oct 01 05:28:11 +0000 2024","0","Livin Mandiri qm gausah ngadi2 yah","1840987051279397008","","","in","Merkurius","1","0","0","https://x.com/AyameHaruka1/status/1840987051279397008","1121112128922894336","AyameHaruka1"
"1840986892159926720","Tue Oct 01 05:27:33 +0000 2024","1","livin mandiri kocaaaaakk masa maintenance di jam makan siang mo transaksi VA jg ngadet mulu gimana sih @mandiricare","1840986892159926720","","","in","","2","19","0","https://x.com/cravingmartabak/status/1840986892159926720","1668929613429604353","cravingmartabak"
"1840986887227654373","Tue Oct 01 05:27:32 +0000 2024","0","livin by mandiri kocak gue jadi gabisa ambil paket","1840986887227654373","","","in","Melbourne, Victoria","0","0","0","https://x.com/BYUNBAEQHYUN/status/1840986887227654373","268679774","BYUNBAEQHYUN"
"1840986879304614024","Tue Oct 01 05:27:30 +0000 2024","1","Livin' Mandiri kenapa error gini pls mau payment kocakkkkkk.","1840986879304614024","","","in","Public Administration UI '24","0","3","0","https://x.com/06KlovesHelena/status/1840986879304614024","1620635251201679360","06KlovesHelena"
"1840986868663357878","Tue Oct 01 05:27:28 +0000 2024","0","@mandiricare aplikasi livin by mandiri lagi gangguan? Gagal login terus nih","1840986868663357878","","mandiricare","in","moon","5","2","2","https://x.com/neilbreen_twin/status/1840986868663357878","1634234344461172736","neilbreen_twin"
"1840986796131483733","Tue Oct 01 05:27:10 +0000 2024","1","@bankmandiri error mulu livin mandiri rasa rasanya... percuma deh tampilan app berubah berubah mulu kalau performancenya ga stabil ","1840986796131483733","","bankmandiri","in","21+ • any","0","10","0","https://x.com/hisashimitsuis/status/1840986796131483733","304224528","hisashimitsuis"
"1840986778519650681","Tue Oct 01 05:27:06 +0000 2024","1","ini livin mandiri LEMOT BGT mau trf doang seabad","1840986778519650681","","","in","","0","3","0","https://x.com/forthesummerrr/status/1840986778519650681","1770754135379345408","forthesummerrr"
"1840986704225976498","Tue Oct 01 05:26:48 +0000 2024","1","Livin mandiri abis di update bukannya makin bagus malah jadi gabisa di pake","1840986704225976498","","","in","","0","2","0","https://x.com/nabilxpr/status/1840986704225976498","1466974666866638850","nabilxpr"
"1840986505407578514","Tue Oct 01 05:26:01 +0000 2024","0","ini livin mandiri kenapa dehhh","1840986505407578514","","","in","","0","0","0","https://x.com/gonnamadatyou/status/1840986505407578514","1284840472083492864","gonnamadatyou"
"1840986448968704039","Tue Oct 01 05:25:47 +0000 2024","1","ini livin mandiri error yak","1840986448968704039","","","in","🇮🇩🇵🇸","0","1","0","https://x.com/AAPORIAAA/status/1840986448968704039","1310934515179835392","AAPORIAAA"
"1840986343150928275","Tue Oct 01 05:25:22 +0000 2024","0","Livin mandiri error disaat mau transfer uang jajan adek di pesantren atuh lah nanti dia bingung mau jajan ga ada saldonya","1840986343150928275","","","in","","0","2","0","https://x.com/ahnafraniaa/status/1840986343150928275","802188444","ahnafraniaa"
"1840986315510387057","Tue Oct 01 05:25:16 +0000 2024","1","lah kocag livin mandiri error padahal mau tf tf ","1840986315510387057","","","in","","0","2","0","https://x.com/supernotnova/status/1840986315510387057","549305947","supernotnova"
"1840986271122145521","Tue Oct 01 05:25:05 +0000 2024","2","@bankmandiri halo .. saya dari pagi tidak bisa bertransaksi dengan livin mandiri apakah benwidth nya sedang penuh karena besok mau ulth kah ?","1840986271122145521","","bankmandiri","in","","1","9","0","https://x.com/uiichuwie/status/1840986271122145521","237751695","uiichuwie"
"1840986064300962221","Tue Oct 01 05:24:16 +0000 2024","0","tolong ini mau bayar mie tp livin mandiri lg error wkwkw","1840986064300962221","","","in","","0","2","0","https://x.com/reeepppiiii/status/1840986064300962221","1774483521853390848","reeepppiiii"
"1840985887414632749","Tue Oct 01 05:23:34 +0000 2024","0","Livin Mandiri upgrade visual tapi jadi gabisa dipake alias ngapaen","1840985887414632749","","","in","Indonesia","0","0","0","https://x.com/haritsroxas/status/1840985887414632749","61154545","haritsroxas"
"1840985863158972472","Tue Oct 01 05:23:28 +0000 2024","0","Livin mandiri eror jam segini pantek","1840985863158972472","","","in","Indonesia","0","3","0","https://x.com/gg_gemiing/status/1840985863158972472","1041035855412879360","gg_gemiing"
"1840918675437863305","Tue Oct 01 05:23:14 +0000 2024","0","@bankmandiri Sekelas bank Mandiri aplikasi livin mandiri nya lg eror dan di tanya ke cs nya brp lama perbaikan katanya blm dpt dipastikan..gila ya sekelas bank besar gini...eh klo begini bank besar apa bank biasa aja ya","1840985803377582099","","bankmandiri","in","","0","3","0","https://x.com/AndikaSilaban3/status/1840985803377582099","1030727405244051456","AndikaSilaban3"
"1840985672284586030","Tue Oct 01 05:22:42 +0000 2024","0","livin mandiri gajelas bgt lu","1840985672284586030","","","in","conspiracy theories","0","0","0","https://x.com/msidefwolish/status/1840985672284586030","187726941","msidefwolish"
"1840985671336673323","Tue Oct 01 05:22:42 +0000 2024","1","ajg its only first of october tp gw udah nangis grgr LIVIN MANDIRI pantekisme gw ketinggalan 5 tj grgr LIVIN ERROR gw udh lemes bgt yaallah nangis di tj grgr mobile banking is never on my bingo list","1840985671336673323","","","in","#JecOfAllTrades ♠️♣️♥️♦️","0","3","0","https://x.com/kalkunsenang/status/1840985671336673323","1304260340193001472","kalkunsenang"
"1840948681719312595","Tue Oct 01 05:22:02 +0000 2024","0","@bankmandiri Ada gitu aplikasi semakin update makin jelek peforma nya. Ngeselin bgt livin mandiri sekarang","1840985501937053847","","bankmandiri","in","","1","4","0","https://x.com/25budi52/status/1840985501937053847","231789804","25budi52"
"1840985470391763186","Tue Oct 01 05:21:54 +0000 2024","1","Ini Livin mandiri error pas hari kerja gmna si @mandiricare","1840985470391763186","","","in","","1","11","0","https://x.com/armo_armadillo/status/1840985470391763186","1456197780012101632","armo_armadillo"
"1840985390469300617","Tue Oct 01 05:21:35 +0000 2024","0","ini mandiri livin abis update ui jadi ga konek konek gini","1840985390469300617","","","in","internet","0","1","0","https://x.com/cadolescent/status/1840985390469300617","168676651","cadolescent"
"1840985280058454200","Tue Oct 01 05:21:09 +0000 2024","1","Livin mandiri kenapa error ya setelah update ? https://t.co/nl23kXO8fy","1840985280058454200","https://pbs.twimg.com/media/GYx-WhdbQAALV_t.jpg","","in","","0","2","0","https://x.com/AgungCahya78/status/1840985280058454200","1428666755442831360","AgungCahya78"
"1840984934162579529","Tue Oct 01 05:19:46 +0000 2024","2","livin by mandiri error khhhh","1840984934162579529","","","in","unknown ","0","3","0","https://x.com/kiahatesmath/status/1840984934162579529","1555795449071927299","kiahatesmath"
"1840984880622289288","Tue Oct 01 05:19:34 +0000 2024","0","Livin mandiri error ckck","1840984880622289288","","","in","","0","2","0","https://x.com/nknkjd/status/1840984880622289288","1730540154924789761","nknkjd"
"1840951874939470198","Tue Oct 01 05:19:26 +0000 2024","1","@mandiricare @Calebebjrnldhn @mandiricare tolong DM saja dibalas juga. Livin mandiri lagi error atau gimana ya? Tadi saya tranfer malah terpending dan tulisannya Mohon Menunggu Anda sedang Dalam Antrean. Ini gimana ya solusinya?","1840984848028348889","","mandiricare","in","Jakarta","2","19","0","https://x.com/JanuIsmadi/status/1840984848028348889","558579780","JanuIsmadi"
"1840984791510053242","Tue Oct 01 05:19:12 +0000 2024","0","livin mandiri habis di update malah tambah lelet mana lagi butuh top up https://t.co/rv1lnDEqlK","1840984791510053242","https://pbs.twimg.com/media/GYx96AcbQAApG2r.jpg","","in","","0","0","0","https://x.com/backupajasihh/status/1840984791510053242","1463407037480464387","backupajasihh"
"1840984771071262784","Tue Oct 01 05:19:07 +0000 2024","0","ui ux lu knp makin aneh gt sih livin mandiri....mana skrg gabisa dibuka samsek bjirrrr gila","1840984771071262784","","","in","","0","1","0","https://x.com/lialieureuy/status/1840984771071262784","1323522166369841152","lialieureuy"
"1840984504355180633","Tue Oct 01 05:18:04 +0000 2024","0","ini livin mandiri error kah?","1840984504355180633","","","in","Semarang, Jawa Tengah","0","2","0","https://x.com/dwihihii/status/1840984504355180633","1438066399260209152","dwihihii"
"1840984367918936157","Tue Oct 01 05:17:31 +0000 2024","1","livin mandiri kenapa km lemot SKLI ak mau top up lho","1840984367918936157","","","in","","0","3","0","https://x.com/i6hyvrnyn/status/1840984367918936157","1491665351733514241","i6hyvrnyn"
"1840984332162515007","Tue Oct 01 05:17:23 +0000 2024","4","@bankmandiri Yaelaah kenapa nih Livin Mandiri. Daritadi transakso ga bisaaa ","1840984332162515007","","bankmandiri","in","Jakarta Capital Region, Indone","0","5","0","https://x.com/Me_TieTie/status/1840984332162515007","2328280020","Me_TieTie"
"1840984302944976896","Tue Oct 01 05:17:16 +0000 2024","3","MAU GACOAN PLIS?!?!?!? TAPI LIVIN MANDIRI KEK ITIL","1840984302944976896","","","in","your heart","0","1","0","https://x.com/ayaapine/status/1840984302944976896","1829582011268583424","ayaapine"
"1840984229913772429","Tue Oct 01 05:16:58 +0000 2024","5","Livin Mandiri kalian abs diupdate kenapa jadi lemot begini. Padahal sinyal bagus @bankmandiri @livinpoin https://t.co/ULCloz7rnt","1840984229913772429","https://pbs.twimg.com/media/GYx9ZYhaIAASIYC.jpg","","in","","1","11","0","https://x.com/PaundraJuve/status/1840984229913772429","58827054","PaundraJuve"
"1840984011633512777","Tue Oct 01 05:16:06 +0000 2024","3","livin mandiri sekarang eror gatau waktu biasa jam 12 malem ini jam 12 siang bjirlah","1840984011633512777","","","in","Yogyakarta, Indonesia","0","2","1","https://x.com/nxietykidd/status/1840984011633512777","1121956073764614145","nxietykidd"
"1840981014665183273","Tue Oct 01 05:15:52 +0000 2024","1","@arneitism livin mandiri sekarang lagi lemot ya?","1840983949432275373","","arneitism","in","Indonesia","0","0","0","https://x.com/SeokJin_SSH/status/1840983949432275373","2553100064","SeokJin_SSH"
"1840983891332775989","Tue Oct 01 05:15:38 +0000 2024","1","Ini livin mandiri eror kah? Ga bisa di buka","1840983891332775989","","","in","","0","2","0","https://x.com/yusa009/status/1840983891332775989","1215381168087949312","yusa009"
"1840983755512824002","Tue Oct 01 05:15:05 +0000 2024","0","Livin' update jadi lemoott banget. Udah gitu mandiri gue jadi gak bisa ditransfer duit. Ahelah","1840983755512824002","","","in","Galaxy","0","0","0","https://x.com/macanxtutul/status/1840983755512824002","65301444","macanxtutul"
"1840983644468646178","Tue Oct 01 05:14:39 +0000 2024","0","Weh teknisi aplikasi Livin mandiri kalian kalo mau maintenance malem malem aja jangan pas siang beginii. Panik cuk di kasir gabisa bayar","1840983644468646178","","","in","jakarta","0","0","0","https://x.com/ardy98ramadhan/status/1840983644468646178","744124292","ardy98ramadhan"
"1840948681719312595","Tue Oct 01 05:13:27 +0000 2024","1","@bankmandiri Woy. Livin mandiri eror ni...org mau cepat malah jadi lambat...aduuuuuhhhh","1840983341711179843","","bankmandiri","in","","0","4","0","https://x.com/AlAl84169/status/1840983341711179843","1796632790718681089","AlAl84169"
"1840983045836357792","Tue Oct 01 05:12:16 +0000 2024","0","PANIKNYA ADA BGT ini mau bayar makan tp livin mandiri error yaAllah mana aku kaum cashless:(((","1840983045836357792","","","in","","0","2","0","https://x.com/aivem03/status/1840983045836357792","1414793413929488388","aivem03"
"1840982908972241154","Tue Oct 01 05:11:43 +0000 2024","0","LIVIN MANDIRI LEMOT ABISS","1840982908972241154","","","in","she/her ","0","0","0","https://x.com/agzhuxuan/status/1840982908972241154","721630378507677697","agzhuxuan"
"1840982896053796896","Tue Oct 01 05:11:40 +0000 2024","0","et dah livin mandiri lg eror pas dibutuhin sialannn","1840982896053796896","","","in","North Sumatra, Indonesia","0","2","0","https://x.com/naneunareumdawa/status/1840982896053796896","1126873761599201280","naneunareumdawa"
"1840981252415135916","Tue Oct 01 05:11:25 +0000 2024","0","@dimasladei @mudiah123 @bankmandiri @mandiricare TOLONG LIVIN MANDIRI EROR PARAH THX @bankmandiri @mandiricare","1840982829716680942","","Yendrasony_","in","West Jakarta, Indonesia","0","4","0","https://x.com/Yendrasony_/status/1840982829716680942","1083952479207714816","Yendrasony_"
"1840982729846112670","Tue Oct 01 05:11:01 +0000 2024","0","livin mandiri error kah?","1840982729846112670","","","in","98'","0","2","0","https://x.com/ykdwjm/status/1840982729846112670","1153679690214756354","ykdwjm"
"1840982677702525175","Tue Oct 01 05:10:48 +0000 2024","0","Apaan sih ini livin mandiri updateannya jelek bgt demi. Mau top up ga bisa error taik APAAN SIH BIKIN BETE","1840982677702525175","","","in","rantpub. ","0","2","0","https://x.com/prilmrose/status/1840982677702525175","1780975424832700416","prilmrose"
"1840982662888243586","Tue Oct 01 05:10:45 +0000 2024","0","guys siapa yg bs topupin aku gopay/spay HIKS BUAT TOPUP EMONEY LIVIN MANDIRI LG ERORRR HIJUJUHUHUHUH","1840982662888243586","","","in","#JecOfAllTrades ♠️♣️♥️♦️","0","2","0","https://x.com/kalkunsenang/status/1840982662888243586","1304260340193001472","kalkunsenang"
"1840981252415135916","Tue Oct 01 05:10:13 +0000 2024","0","@mudiah123 @bankmandiri @mandiricare TOLONG LIVIN MANDIRI EROR PARAH THX @bankmandiri @mandiricare","1840982527479365967","","mudiah123","in","West Jakarta, Indonesia","0","16","0","https://x.com/Yendrasony_/status/1840982527479365967","1083952479207714816","Yendrasony_"
"1840982478900900182","Tue Oct 01 05:10:01 +0000 2024","0","@bankmandiri ini dari tadi mandiri livin error trus..tiba2 mintak pembaruan password...","1840982478900900182","","bankmandiri","in","","0","5","0","https://x.com/Cia983/status/1840982478900900182","1402079927201984513","Cia983"
"1840982472684945640","Tue Oct 01 05:09:59 +0000 2024","0","@mandiricare ini kenapaaa woooy make antri segala livin mandiri ","1840982472684945640","","mandiricare","in","","0","1","0","https://x.com/Jiven_ID/status/1840982472684945640","326588336","Jiven_ID"
"1840982401532772846","Tue Oct 01 05:09:42 +0000 2024","7","Livin mandiri ngeselin banget ah elahhhh. Mau bayar jadi ngantre ulang https://t.co/e9P6fpnaAg","1840982401532772846","https://pbs.twimg.com/media/GYx7u7rakAAHOcj.jpg","","in","","0","0","0","https://x.com/zvppa/status/1840982401532772846","1659211819","zvppa"
"1840981252415135916","Tue Oct 01 05:09:39 +0000 2024","0","@bankmandiri @mandiricare TOLONG LIVIN MANDIRI EROR PARAH THX @bankmandiri @mandiricare","1840982388555595868","","Yendrasony_","in","West Jakarta, Indonesia","0","6","0","https://x.com/Yendrasony_/status/1840982388555595868","1083952479207714816","Yendrasony_"
"1840981252415135916","Tue Oct 01 05:09:33 +0000 2024","0","@bankmandiri @mandiricare TOLONG LIVIN MANDIRI EROR PARAH THX @bankmandiri @mandiricare","1840982363398181083","","Yendrasony_","in","West Jakarta, Indonesia","1","8","0","https://x.com/Yendrasony_/status/1840982363398181083","1083952479207714816","Yendrasony_"
"1840982263544287553","Tue Oct 01 05:09:10 +0000 2024","0","ini livin mandiri lagi error apa maintenance sihhh.. ada ajaaa jirr lagi di rsgm mau bayar ketar ketir","1840982263544287553","","","in","","0","2","0","https://x.com/sshhaaagry/status/1840982263544287553","1113821587499769856","sshhaaagry"
"1840981963231871440","Tue Oct 01 05:07:58 +0000 2024","77","KATAKU SIH GWS YA LIVIN. org buka app perbankan tu beberapa sifatnya urgent. ini gweh disuruh nunggu? beneran? kataku sih gausah banyakin fitur kalo ujung2nya ngerepotin giniiiiii. mandiri ni bener2 ye. https://t.co/tOvBCWZx9F","1840981963231871440","https://pbs.twimg.com/media/GYx7VAracAA3rvn.jpg","","in","","0","0","7","https://x.com/stoppptalkingg/status/1840981963231871440","1120326085621583873","stoppptalkingg"
"1840981832336355472","Tue Oct 01 05:07:27 +0000 2024","0","@bankmandiri @mandiricare ...ini kenapa livin mandiri error...mau buat bayar tagihan udah jatuh tempo malah error. Habis update jadi kaya gini...hadeh","1840981832336355472","","bankmandiri","in","","0","2","0","https://x.com/antonhanjoyo/status/1840981832336355472","51701772","antonhanjoyo"
"1840981773142147273","Tue Oct 01 05:07:13 +0000 2024","0","@mandiricare livinmandiri error berapa banyak kerugian ya?","1840981773142147273","","mandiricare","in","","0","9","0","https://x.com/l4yl4me/status/1840981773142147273","1379118708","l4yl4me"
"1840981658633453836","Tue Oct 01 05:06:45 +0000 2024","0","@mandiricare ada apa dengan aplikasi livin mandiri kok blom juga bisa diakses dari tadi?","1840981658633453836","","mandiricare","in","Bandung 40559","0","0","0","https://x.com/devitrwb/status/1840981658633453836","15045087","devitrwb"
"1840981597064974414","Tue Oct 01 05:06:31 +0000 2024","0","Asuuu livin mandiri genting cok iki","1840981597064974414","","","in","Yogyakarta, ID","0","0","0","https://x.com/Andhikasapra/status/1840981597064974414","268222690","Andhikasapra"
"1840981580963332566","Tue Oct 01 05:06:27 +0000 2024","0","@mandiricare aplikasi livin mandiri eror kah? Mau login aja kok gabisa2?","1840981580963332566","","mandiricare","in","Magelang","1","8","0","https://x.com/akumusteko/status/1840981580963332566","42357136","akumusteko"
"1840981529360781333","Tue Oct 01 05:06:15 +0000 2024","0","#livinmandiri jelek sumpah jelek","1840981529360781333","","","in","Jakarta Capital Region, Indonesia","0","0","0","https://x.com/imanbasha/status/1840981529360781333","44333676","imanbasha"
"1840981505600061716","Tue Oct 01 05:06:09 +0000 2024","3","Perasan ini m banking livin mandiri erorr mulu dah mana jam segini lagi. ayolah urgent nih @bankmandiri @mandiricare","1840981505600061716","","","in","","1","14","0","https://x.com/altawbb/status/1840981505600061716","1216531114791030784","altawbb"
"1840981439636259297","Tue Oct 01 05:05:53 +0000 2024","0","Livin mandiri kenapa si anj? Mana aplikasinya diubah ubah tuh tata letaknya jadi lemott gausah lah berubah rubah gitu skrang juga gabisa dibuka lagi perlu bgt ni","1840981439636259297","","","in","DKI Jakarta, Indonesia","0","0","0","https://x.com/babyhuangjun/status/1840981439636259297","1292686582214926336","babyhuangjun"
"1840981350385664156","Tue Oct 01 05:05:32 +0000 2024","2","livin mandiri lagi drop ya apa ga tega nampilin saldo","1840981350385664156","","","in","Salatiga - Jakarta - London","0","3","0","https://x.com/ronitoxid/status/1840981350385664156","39716466","ronitoxid"
"1840981318458622119","Tue Oct 01 05:05:24 +0000 2024","0","Jancok livin mandiri ruwet","1840981318458622119","","","in","Oregon, USA","0","0","0","https://x.com/thisisnanashi/status/1840981318458622119","1593004912446955522","thisisnanashi"
"1840981252415135916","Tue Oct 01 05:05:09 +0000 2024","0","TOLONG LIVIN MANDIRI EROR PARAH THX @bankmandiri @mandiricare","1840981252415135916","","","in","West Jakarta, Indonesia","3","16","0","https://x.com/Yendrasony_/status/1840981252415135916","1083952479207714816","Yendrasony_"
"1840981095594201559","Tue Oct 01 05:04:31 +0000 2024","0","ni Livin Mandiri lg down yak","1840981095594201559","","","in","","0","1","0","https://x.com/pluviophilearla/status/1840981095594201559","1273791556869218305","pluviophilearla"
"1840981014665183273","Tue Oct 01 05:04:12 +0000 2024","12","livin mandiri apa apaain ini. lagi butuh banget https://t.co/SsWY2CkaSg","1840981014665183273","https://pbs.twimg.com/media/GYx6eN8bQAENSJ6.jpg","","in","The ","0","7","0","https://x.com/arneitism/status/1840981014665183273","1641441255040389120","arneitism"
"1840980944645128508","Tue Oct 01 05:03:55 +0000 2024","0","livin mandiri maintenance nya tanggal 1 mulu heran","1840980944645128508","","","in","fie's","0","0","0","https://x.com/wijeyn/status/1840980944645128508","1210901761","wijeyn"
"1840980928409321503","Tue Oct 01 05:03:51 +0000 2024","0","Ada apa dengan mandiri livin gabisa diaksesssss ii","1840980928409321503","","","in","nowhere","0","0","0","https://x.com/rpoppyv/status/1840980928409321503","379518593","rpoppyv"
"1840980800751190397","Tue Oct 01 05:03:21 +0000 2024","3","Livin Mandiri bercanda apa kenapa. Mau akses aplikasi bilang nya antri? Eeebuset lu kira ini teller pakai antri segala kocak kocak @bankmandiri @mandiricare https://t.co/wFQAtke0LR","1840980800751190397","https://pbs.twimg.com/media/GYx5nW6bQAEDrcb.jpg","","in","","1","15","0","https://x.com/andre_johan_/status/1840980800751190397","1009043014864343040","andre_johan_"
"1840980714084581634","Tue Oct 01 05:03:00 +0000 2024","3","Livin Mandiri Error Pengguna Tak Bisa Login Meski Sudah Masukkan Password yang Benar https://t.co/sKMM7vTxZb","1840980714084581634","","","in","","0","2","0","https://x.com/TribunMataraman/status/1840980714084581634","1438678136049205248","TribunMataraman"
"1840980655322382801","Tue Oct 01 05:02:46 +0000 2024","0","Livin Mandiri lagi main tenis kah?","1840980655322382801","","","in","","0","1","0","https://x.com/lakinyajiu/status/1840980655322382801","46647998","lakinyajiu"
"1840978576327524596","Tue Oct 01 04:54:30 +0000 2024","0","Livin mandiri LU KNP SIHH AJGGGGG COK MAU BAYAR LISTRIK MALAH ERROR BABI","1840978576327524596","","","in","","0","2","0","https://x.com/middayowl_ll/status/1840978576327524596","1469151518678929409","middayowl_ll"
"1840978358064070657","Tue Oct 01 04:53:38 +0000 2024","0","livin mandiri kenapa ni ko ngak bisa diakses?","1840978358064070657","","","in","Mranggen, Indonesia","0","1","0","https://x.com/leokentaki_/status/1840978358064070657","1095194469861777409","leokentaki_"
"1840978273347780932","Tue Oct 01 04:53:18 +0000 2024","1","Gw klo udh berpenghasilan bakal langsung apus livin mandiri dan ganti ke bca awowkwkwk. Mandiri sering banget eror dibanding bca","1840978273347780932","","","in","","0","4","0","https://x.com/maddcatt2/status/1840978273347780932","1723804754416193536","maddcatt2"
"1840978201876840763","Tue Oct 01 04:53:01 +0000 2024","0","Njirrr livin mandiri gw error hailah knpa kudu skarang ni gmn gua mo pkee njirr","1840978201876840763","","","in"," 12💎","0","2","0","https://x.com/miiniwooz/status/1840978201876840763","838277263531507712","miiniwooz"
"1840978179898634400","Tue Oct 01 04:52:56 +0000 2024","0","Mandiri yok opo seh livin' jdi berat bgt UI ne jadi busuk","1840978179898634400","","","in","Yogyakarta, Indonesia","0","0","0","https://x.com/frostzy_/status/1840978179898634400","1091354422729297921","frostzy_"
"1840977711235559773","Tue Oct 01 04:51:04 +0000 2024","0","njir livin mandiri error??","1840977711235559773","","","in","ORDER KE WA ➡️","0","2","0","https://x.com/leajher/status/1840977711235559773","731335598863175680","leajher"
"1840977645787336857","Tue Oct 01 04:50:49 +0000 2024","0","Livin mandiri kocakk gblg. Jelek bgt UI nya mana skrg error. Blog gblggggggg","1840977645787336857","","","in","","0","2","0","https://x.com/arunicanirwana/status/1840977645787336857","4019735293","arunicanirwana"
"1840977588547932582","Tue Oct 01 04:50:35 +0000 2024","15","yeuuu kocak livin mandiri harus bgt eror di jam makan siang???!!!!! sampe kapan nih min @mandiricare","1840977588547932582","","","in","","2","14","0","https://x.com/xxsweetygurll/status/1840977588547932582","1412298307322355718","xxsweetygurll"
"1840556388323573933","Tue Oct 01 04:50:05 +0000 2024","0","@onuyiru @eDzulfikar benefit livin by mandiri apa kak","1840977463763222957","","onuyiru","in","","0","1","0","https://x.com/tzurin_/status/1840977463763222957","1044453472169422849","tzurin_"
"1840977380514677099","Tue Oct 01 04:49:45 +0000 2024","10","livin mandiri kenapa update terbarunya jadi bikin user interface lu jelek banget dah ini. mendingan yang lama ketimbang sekarang ngeselin bener","1840977380514677099","","","in","","0","2","0","https://x.com/shamepains/status/1840977380514677099","1268178076619272192","shamepains"
"1840977159726514670","Tue Oct 01 04:48:53 +0000 2024","0","Wee Livin Mandiri goblok","1840977159726514670","","","in","Indonesia","0","0","0","https://x.com/AYASVETTE/status/1840977159726514670","226260073","AYASVETTE"
"1840977096631599342","Tue Oct 01 04:48:38 +0000 2024","0","LIVIN MANDIRI KONTOL DEH SERING BANGET EROR AJGGGGGG","1840977096631599342","","","in","","0","1","0","https://x.com/___nurazizaa/status/1840977096631599342","1397161020041293829","___nurazizaa"
"1840976984249078066","Tue Oct 01 04:48:11 +0000 2024","0","WOYYY LIVIN MANDIRI KENAPASI","1840976984249078066","","","in","","0","1","0","https://x.com/livestobeloved/status/1840976984249078066","1542473151921020928","livestobeloved"
"1840976572343599508","Tue Oct 01 04:46:33 +0000 2024","2","weh ini livin mandiri knp ya weh?? kok gak bisa top up dan gak bisa bayar VA.. mlh mau makan siang ","1840976572343599508","","","in","","0","0","0","https://x.com/zkdelln9/status/1840976572343599508","1137255755554230272","zkdelln9"
"1840975778357657784","Tue Oct 01 04:43:23 +0000 2024","0","Ini knp livin mandiri g bisa top up spay woi","1840975778357657784","","","in","","0","0","0","https://x.com/akzhalin/status/1840975778357657784","1044353216303886336","akzhalin"
"1840975306334810508","Tue Oct 01 04:41:31 +0000 2024","0","Livin tampilan baru gara2 mau HUT Bank Mandiri nih","1840975306334810508","","","in","Bekasi, Jawa Barat","0","9","0","https://x.com/ricomaziz/status/1840975306334810508","124891608","ricomaziz"
"1840975154886926720","Tue Oct 01 04:40:55 +0000 2024","0","ini banyak yang akses livin mandiri kaliya","1840975154886926720","","","in","","0","0","0","https://x.com/mewarnaiharimu_/status/1840975154886926720","1652923488733380609","mewarnaiharimu_"
"1840974569177506026","Tue Oct 01 04:38:35 +0000 2024","1","livin mandiri kok sekarang jelek bgt ya sering trouble","1840974569177506026","","","in","Yogyakarta, Indonesia","0","0","0","https://x.com/v1rgooszn/status/1840974569177506026","819159859","v1rgooszn"
"1840973476016054719","Tue Oct 01 04:34:14 +0000 2024","292","Livin mandiri jd jelek bgt skrg https://t.co/6yjKsWsAz8","1840973476016054719","https://pbs.twimg.com/media/GYxzncRagAAG6l5.jpg","","in","West Java, Indonesia","80","53","52","https://x.com/hxaveniall/status/1840973476016054719","311361056","hxaveniall"
"1840904559969087840","Tue Oct 01 00:00:24 +0000 2024","11","Trend pergeseran aplikasi mobile banking jadi superapps kok malah kebanyakan fitur yang ga dibutuhin2 banget ya... Mandiri -》Livin BNI -》Wondr BRI -》Brimo","1840904559969087840","","","in","Republik Rakyat Citayam","0","2","1","https://x.com/denizone/status/1840904559969087840","24144242","denizone"
